city,province,date_gregorian,temp_max,temp_min,temp_mean,feels_like_max,feels_like_min,precipitation_sum,rain_sum,snowfall_sum,wind_speed_max,relative_humidity_mean,pm2_5_mean,pm2_5_max,pm10_mean,pm10_max,aqi_us_mean,aqi_us_max,date_jalali
تهران,تهران,2023-11-01,22.2,14.0,18.16,19.1,10.0,0.0,0.0,0.0,13.8,34.88,44.5,83.1,81.03,128.1,139.29,145,1402-08-10
تهران,تهران,2023-11-02,22.1,12.8,16.67,19.0,9.3,1.2,1.2,0.0,22.7,44.08,37.93,85.9,72.23,128.5,114.5,123,1402-08-11
تهران,تهران,2023-11-03,20.6,9.5,14.79,17.6,7.8,0.0,0.0,0.0,16.6,61.21,60.79,119.2,95.6,176.0,126.21,152,1402-08-12
تهران,تهران,2023-11-04,16.9,10.0,13.35,15.4,6.2,3.3,3.3,0.0,14.2,67.08,50.34,114.1,80.18,167.2,152.62,156,1402-08-13
تهران,تهران,2023-11-05,16.9,10.7,13.85,15.7,9.5,0.7,0.7,0.0,7.9,70.42,71.96,137.4,110.13,200.7,146.12,160,1402-08-14
تهران,تهران,2023-11-06,19.2,9.0,13.87,17.0,6.0,0.0,0.0,0.0,12.3,63.08,79.47,150.9,116.76,218.4,164.88,167,1402-08-15
تهران,تهران,2023-11-07,20.6,8.6,14.64,18.1,4.5,0.0,0.0,0.0,13.8,46.75,77.43,164.8,111.87,236.1,164.29,167,1402-08-16
تهران,تهران,2023-11-08,19.2,9.2,14.35,16.0,5.6,0.0,0.0,0.0,13.0,44.54,60.6,132.2,87.35,189.5,161.96,166,1402-08-17
تهران,تهران,2023-11-09,19.2,8.6,13.9,15.8,5.2,0.0,0.0,0.0,14.9,42.42,57.57,106.2,87.9,156.9,152.83,154,1402-08-18
تهران,تهران,2023-11-10,23.0,8.6,15.56,18.8,4.8,0.0,0.0,0.0,15.6,34.42,62.06,117.1,92.6,170.0,152.79,154,1402-08-19
تهران,تهران,2023-11-11,20.5,10.5,15.86,17.8,6.7,0.0,0.0,0.0,10.9,33.79,62.28,106.4,92.28,154.6,157.67,160,1402-08-20
تهران,تهران,2023-11-12,21.0,10.2,15.47,17.3,6.2,0.0,0.0,0.0,13.0,37.33,65.65,143.4,99.96,212.3,151.5,156,1402-08-21
تهران,تهران,2023-11-13,21.2,9.5,15.7,17.9,5.5,0.0,0.0,0.0,13.3,34.0,83.48,181.6,125.36,266.4,161.88,169,1402-08-22
تهران,تهران,2023-11-14,20.7,9.6,15.49,17.1,5.9,0.0,0.0,0.0,11.0,35.62,68.14,124.8,102.17,181.1,169.54,172,1402-08-23
تهران,تهران,2023-11-15,19.6,9.2,15.03,16.0,4.6,0.0,0.0,0.0,13.6,34.08,61.06,123.4,90.97,179.7,154.96,159,1402-08-24
تهران,تهران,2023-11-16,20.7,9.9,15.65,16.3,6.1,0.0,0.0,0.0,20.1,36.92,48.75,113.4,74.19,165.8,151.96,154,1402-08-25
تهران,تهران,2023-11-17,21.0,9.7,14.67,15.4,6.6,0.0,0.0,0.0,29.4,41.21,28.84,78.2,42.09,112.2,112.5,133,1402-08-26
تهران,تهران,2023-11-18,20.0,8.5,13.72,15.3,4.4,0.0,0.0,0.0,20.9,40.88,41.01,99.4,59.8,142.5,84.0,108,1402-08-27
تهران,تهران,2023-11-19,19.9,7.5,13.81,16.9,2.7,0.0,0.0,0.0,16.9,36.46,39.0,114.1,56.64,163.4,128.54,135,1402-08-28
تهران,تهران,2023-11-20,18.4,9.4,13.03,15.0,5.4,16.0,16.0,0.0,19.1,42.62,24.3,52.5,36.83,77.1,91.46,109,1402-08-29
تهران,تهران,2023-11-21,9.8,4.3,7.16,7.4,0.3,12.6,12.3,0.21,17.9,72.88,19.49,65.0,30.47,96.2,69.54,79,1402-08-30
تهران,تهران,2023-11-22,12.1,0.4,5.56,8.4,-4.1,0.0,0.0,0.0,15.0,49.54,43.78,115.5,63.43,164.8,84.54,116,1402-09-01
تهران,تهران,2023-11-23,12.0,2.2,6.84,8.8,-2.6,0.0,0.0,0.0,14.0,45.08,69.32,166.7,99.5,238.4,140.58,159,1402-09-02
تهران,تهران,2023-11-24,13.1,4.1,8.84,9.8,-0.1,0.0,0.0,0.0,10.7,40.83,89.85,194.2,129.35,279.4,166.42,174,1402-09-03
تهران,تهران,2023-11-25,14.0,2.5,7.84,11.0,-2.3,0.0,0.0,0.0,13.2,46.25,83.88,184.9,121.11,265.4,174.75,177,1402-09-04
تهران,تهران,2023-11-26,15.2,5.8,10.22,12.5,1.4,0.0,0.0,0.0,11.4,44.58,71.76,133.2,103.64,191.4,169.29,173,1402-09-05
تهران,تهران,2023-11-27,17.5,4.7,10.34,14.1,0.0,0.0,0.0,0.0,16.7,56.04,47.2,104.3,74.33,151.8,151.79,162,1402-09-06
تهران,تهران,2023-11-28,16.0,3.2,10.0,12.2,-2.0,1.3,1.3,0.0,21.3,59.33,36.45,72.9,58.91,112.5,120.88,130,1402-09-07
تهران,تهران,2023-11-29,14.2,2.5,8.29,10.9,-2.7,0.0,0.0,0.0,17.5,50.71,54.46,143.4,81.83,209.1,103.12,142,1402-09-08
تهران,تهران,2023-11-30,14.9,4.5,9.02,12.0,-0.3,0.0,0.0,0.0,14.8,48.25,66.1,147.6,99.81,214.7,154.71,158,1402-09-09
تهران,تهران,2023-12-01,14.9,5.8,9.85,12.3,1.7,0.0,0.0,0.0,11.2,40.5,71.97,147.6,105.48,215.1,158.58,161,1402-09-10
تهران,تهران,2023-12-02,15.1,3.6,9.14,11.9,-1.1,0.0,0.0,0.0,13.8,44.38,75.7,165.3,111.85,241.2,163.17,164,1402-09-11
تهران,تهران,2023-12-03,15.7,3.7,9.64,12.2,-1.1,0.0,0.0,0.0,11.6,35.58,81.93,172.8,119.99,250.5,166.75,169,1402-09-12
تهران,تهران,2023-12-04,15.5,5.5,9.88,12.1,1.2,0.0,0.0,0.0,10.1,33.29,74.64,158.8,108.24,230.0,166.83,169,1402-09-13
تهران,تهران,2023-12-05,15.0,4.7,9.68,11.1,0.0,0.0,0.0,0.0,11.2,27.17,58.29,127.1,83.41,181.6,158.92,164,1402-09-14
تهران,تهران,2023-12-06,14.8,4.2,9.89,10.4,-0.5,0.0,0.0,0.0,9.8,27.25,80.31,173.2,116.52,251.5,157.33,166,1402-09-15
تهران,تهران,2023-12-07,14.6,4.8,9.11,10.6,-0.1,0.5,0.5,0.0,14.0,29.67,68.21,113.2,105.15,163.0,171.12,175,1402-09-16
تهران,تهران,2023-12-08,17.0,4.5,10.22,12.7,-0.5,0.0,0.0,0.0,15.2,37.0,51.65,120.6,75.81,173.7,139.21,159,1402-09-17
تهران,تهران,2023-12-09,15.3,4.5,9.9,11.7,0.2,0.0,0.0,0.0,13.3,36.71,56.66,106.2,86.16,156.5,149.71,152,1402-09-18
تهران,تهران,2023-12-10,18.3,4.6,10.93,12.2,0.4,0.0,0.0,0.0,25.6,35.42,56.49,97.3,92.09,146.7,153.33,155,1402-09-19
تهران,تهران,2023-12-11,15.8,5.6,10.19,12.0,0.9,0.0,0.0,0.0,13.6,29.79,51.66,123.4,75.9,178.3,129.12,151,1402-09-20
تهران,تهران,2023-12-12,13.1,6.4,9.5,9.6,2.2,0.0,0.0,0.0,8.7,37.92,77.06,155.5,117.48,231.4,156.04,164,1402-09-21
تهران,تهران,2023-12-13,12.6,6.0,9.48,9.6,2.5,0.0,0.0,0.0,8.6,43.42,85.42,136.0,136.72,245.9,172.12,176,1402-09-22
تهران,تهران,2023-12-14,9.0,4.0,7.05,6.3,0.9,1.0,1.0,0.0,12.6,67.54,43.65,88.2,72.62,171.8,160.5,171,1402-09-23
تهران,تهران,2023-12-15,11.2,3.2,6.53,7.4,-0.4,0.0,0.0,0.0,14.6,57.21,40.95,84.3,60.4,120.1,96.88,120,1402-09-24
تهران,تهران,2023-12-16,11.9,2.0,6.58,8.5,-2.3,0.0,0.0,0.0,12.2,42.88,59.78,125.3,85.75,179.3,129.54,152,1402-09-25
تهران,تهران,2023-12-17,13.4,2.9,8.11,10.2,-1.4,0.0,0.0,0.0,11.0,44.67,76.43,141.1,109.6,202.1,159.25,165,1402-09-26
تهران,تهران,2023-12-18,11.5,4.1,7.65,7.8,0.3,0.0,0.0,0.0,14.1,46.21,64.49,115.0,92.87,164.8,163.88,168,1402-09-27
تهران,تهران,2023-12-19,10.5,2.1,6.22,7.7,-2.2,0.0,0.0,0.0,10.7,55.46,70.66,120.1,102.34,172.3,158.21,161,1402-09-28
تهران,تهران,2023-12-20,10.4,1.5,5.93,7.1,-2.6,0.0,0.0,0.0,8.4,54.42,65.57,123.4,96.14,177.9,160.08,161,1402-09-29
تهران,تهران,2023-12-21,10.8,2.5,5.85,7.0,-1.4,0.0,0.0,0.0,12.8,51.79,75.68,145.3,111.65,211.9,156.46,163,1402-09-30
تهران,تهران,2023-12-22,10.7,1.4,6.5,7.8,-3.4,0.4,0.4,0.0,13.3,48.96,73.28,123.9,110.81,186.7,165.54,167,1402-10-01
تهران,تهران,2023-12-23,12.0,3.7,7.98,8.8,-0.3,1.1,1.1,0.0,12.4,56.67,52.39,109.4,90.14,168.6,158.92,163,1402-10-02
تهران,تهران,2023-12-24,12.8,3.4,8.09,9.8,-0.8,0.2,0.2,0.0,17.2,58.12,26.3,52.9,42.32,75.9,110.0,142,1402-10-03
تهران,تهران,2023-12-25,13.0,4.7,9.02,7.8,0.8,2.1,2.1,0.0,26.2,55.38,24.31,55.2,35.78,78.9,73.92,83,1402-10-04
تهران,تهران,2023-12-26,14.3,2.5,7.25,9.3,-2.1,0.0,0.0,0.0,15.8,49.79,33.95,78.0,48.9,111.8,85.5,95,1402-10-05
تهران,تهران,2023-12-27,14.6,3.8,9.24,11.1,-0.8,0.0,0.0,0.0,11.8,40.58,45.59,89.9,65.61,129.0,109.92,124,1402-10-06
تهران,تهران,2023-12-28,12.0,3.8,7.78,9.1,-1.3,0.3,0.3,0.0,16.5,47.83,50.97,90.1,74.28,129.0,136.5,145,1402-10-07
تهران,تهران,2023-12-29,11.9,1.7,6.19,8.9,-2.5,0.0,0.0,0.0,16.3,54.42,54.12,120.6,77.89,173.2,129.96,143,1402-10-08
تهران,تهران,2023-12-30,11.6,2.0,6.65,8.6,-2.2,0.0,0.0,0.0,13.3,50.83,62.77,122.0,91.36,176.5,154.04,156,1402-10-09
تهران,تهران,2023-12-31,11.7,2.0,6.39,8.7,-2.2,0.0,0.0,0.0,11.8,53.92,72.76,140.2,107.14,203.5,158.38,162,1402-10-10
تهران,تهران,2024-01-01,12.5,2.7,6.94,9.8,-1.7,0.0,0.0,0.0,12.0,51.92,65.68,139.2,98.4,203.5,158.67,162,1402-10-11
تهران,تهران,2024-01-02,12.5,1.9,7.1,9.4,-2.5,0.0,0.0,0.0,14.4,50.12,66.96,121.5,103.36,183.0,160.46,162,1402-10-12
تهران,تهران,2024-01-03,12.2,3.4,7.76,8.4,-0.6,0.0,0.0,0.0,12.2,47.58,56.04,112.9,86.85,166.7,157.17,159,1402-10-13
تهران,تهران,2024-01-04,12.6,1.6,6.45,8.5,-3.1,0.0,0.0,0.0,15.1,43.92,47.57,112.0,68.69,160.2,123.12,150,1402-10-14
تهران,تهران,2024-01-05,13.4,2.1,7.26,9.4,-2.5,0.0,0.0,0.0,13.0,42.54,42.04,83.4,60.35,119.2,132.08,137,1402-10-15
تهران,تهران,2024-01-06,11.5,1.6,6.48,7.6,-2.2,0.0,0.0,0.0,16.1,51.67,24.28,57.2,35.6,82.7,104.67,116,1402-10-16
تهران,تهران,2024-01-07,10.0,-1.9,4.44,5.7,-7.8,0.0,0.0,0.0,17.1,33.67,49.34,130.9,71.06,188.1,82.88,128,1402-10-17
تهران,تهران,2024-01-08,11.5,0.4,5.98,7.5,-4.5,0.0,0.0,0.0,12.6,33.17,61.34,123.4,88.49,177.0,152.21,157,1402-10-18
تهران,تهران,2024-01-09,18.0,2.9,9.4,11.6,-2.2,0.0,0.0,0.0,20.6,24.58,48.68,121.1,70.09,173.2,144.17,154,1402-10-19
تهران,تهران,2024-01-10,15.2,3.8,9.19,11.2,-1.7,0.0,0.0,0.0,15.5,27.12,31.26,83.6,46.13,119.7,129.25,138,1402-10-20
تهران,تهران,2024-01-11,12.2,6.6,9.08,8.8,3.2,2.8,2.8,0.0,12.3,47.54,37.68,87.1,75.66,159.7,90.46,105,1402-10-21
تهران,تهران,2024-01-12,7.5,2.5,5.18,5.0,-1.4,7.0,7.0,0.0,12.5,77.96,30.64,81.3,49.42,118.7,101.08,110,1402-10-22
تهران,تهران,2024-01-13,10.8,1.6,6.1,8.1,-2.1,4.0,3.8,0.14,17.8,68.17,29.85,55.2,45.75,79.9,86.5,91,1402-10-23
تهران,تهران,2024-01-14,11.2,4.5,6.92,7.6,-0.0,4.1,4.1,0.0,18.4,67.29,33.93,55.2,54.25,88.5,96.38,99,1402-10-24
تهران,تهران,2024-01-15,12.5,2.6,6.94,10.4,-2.4,0.3,0.3,0.0,17.8,60.96,38.15,75.0,61.3,111.8,99.25,108,1402-10-25
تهران,تهران,2024-01-16,11.2,0.2,4.45,7.7,-5.2,0.0,0.0,0.0,16.1,41.96,47.99,117.6,71.37,168.6,109.04,128,1402-10-26
تهران,تهران,2024-01-17,10.7,0.1,4.77,7.2,-5.6,0.0,0.0,0.0,16.6,40.21,51.15,122.5,73.52,175.1,135.79,138,1402-10-27
تهران,تهران,2024-01-18,12.1,1.6,6.12,8.8,-3.8,0.0,0.0,0.0,15.6,45.5,76.68,162.5,111.53,236.1,152.38,163,1402-10-28
تهران,تهران,2024-01-19,12.2,0.9,5.74,9.1,-4.3,0.0,0.0,0.0,15.3,47.71,72.79,141.1,107.73,205.8,166.79,169,1402-10-29
تهران,تهران,2024-01-20,12.5,1.7,6.81,9.2,-3.7,0.0,0.0,0.0,15.5,42.58,86.18,182.5,128.2,268.2,164.04,171,1402-10-30
تهران,تهران,2024-01-21,13.8,2.3,7.06,10.3,-2.7,0.0,0.0,0.0,16.4,42.25,69.85,140.2,102.44,205.4,174.33,178,1402-11-01
تهران,تهران,2024-01-22,14.3,2.4,7.79,11.3,-2.7,0.0,0.0,0.0,16.5,41.54,54.01,127.1,79.82,184.4,143.12,160,1402-11-02
تهران,تهران,2024-01-23,10.7,3.3,7.28,7.7,0.1,7.7,7.7,0.0,12.0,66.58,64.28,121.1,124.67,232.8,155.38,160,1402-11-03
تهران,تهران,2024-01-24,10.8,2.2,6.45,7.2,-0.8,7.6,7.0,0.42,12.1,70.83,74.91,119.0,160.53,240.3,163.5,169,1402-11-04
تهران,تهران,2024-01-25,11.1,0.6,5.31,7.9,-4.1,1.8,1.7,0.07,13.6,64.88,26.49,47.1,43.74,71.5,122.38,164,1402-11-05
تهران,تهران,2024-01-26,10.4,-1.6,4.5,6.8,-7.4,0.0,0.0,0.0,19.2,62.33,34.58,70.1,54.97,107.1,88.21,97,1402-11-06
تهران,تهران,2024-01-27,7.6,3.0,4.62,4.5,-0.7,3.9,3.9,0.0,10.5,73.29,53.23,115.0,80.92,166.7,117.08,142,1402-11-07
تهران,تهران,2024-01-28,8.0,-1.5,2.98,3.0,-7.2,12.7,4.4,5.81,19.1,60.12,32.27,69.2,47.5,99.7,128.79,148,1402-11-08
تهران,تهران,2024-01-29,7.6,-2.2,1.81,4.1,-7.7,0.0,0.0,0.0,16.0,45.0,45.63,117.6,73.1,171.8,94.38,121,1402-11-09
تهران,تهران,2024-01-30,8.1,-1.2,2.96,5.1,-6.2,0.0,0.0,0.0,14.1,49.88,64.57,150.9,100.66,224.9,140.42,155,1402-11-10
تهران,تهران,2024-01-31,6.1,-0.3,2.57,2.4,-5.3,0.0,0.0,0.0,13.9,64.21,68.39,121.5,112.12,183.9,163.0,166,1402-11-11
تهران,تهران,2024-02-01,2.8,1.2,1.94,-0.2,-2.3,2.6,1.1,1.05,7.9,75.83,57.87,89.4,96.8,148.1,156.5,159,1402-11-12
تهران,تهران,2024-02-02,1.5,-1.5,0.28,-1.3,-5.2,10.4,1.6,6.16,13.7,91.04,46.75,66.8,84.07,123.9,148.54,152,1402-11-13
تهران,تهران,2024-02-03,6.3,-3.4,0.8,2.6,-7.9,0.0,0.0,0.0,13.5,53.79,37.46,72.2,59.78,110.8,104.5,128,1402-11-14
تهران,تهران,2024-02-04,6.3,-3.6,0.24,2.6,-8.8,0.0,0.0,0.0,15.3,48.42,50.71,87.1,81.65,133.2,120.71,136,1402-11-15
تهران,تهران,2024-02-05,8.2,-2.3,2.65,3.1,-7.8,0.0,0.0,0.0,24.1,55.62,49.7,91.3,73.73,131.3,140.75,148,1402-11-16
تهران,تهران,2024-02-06,9.6,0.7,5.0,4.1,-3.5,0.5,0.5,0.0,30.9,60.0,23.61,83.8,34.54,120.6,114.38,140,1402-11-17
تهران,تهران,2024-02-07,9.7,-1.0,3.59,6.3,-6.1,0.0,0.0,0.0,14.3,53.67,38.14,97.1,54.65,138.8,74.33,102,1402-11-18
تهران,تهران,2024-02-08,11.4,0.5,5.08,8.2,-4.7,0.0,0.0,0.0,15.8,43.5,51.42,116.6,73.7,166.7,126.79,140,1402-11-19
تهران,تهران,2024-02-09,12.8,1.5,6.22,9.8,-3.8,0.0,0.0,0.0,15.8,40.83,42.71,91.7,61.9,132.2,131.29,140,1402-11-20
تهران,تهران,2024-02-10,15.3,2.7,7.78,12.1,-2.7,0.0,0.0,0.0,16.8,35.83,49.3,123.9,71.91,179.3,119.0,131,1402-11-21
تهران,تهران,2024-02-11,15.9,3.4,8.73,12.9,-1.9,0.0,0.0,0.0,15.9,40.42,53.28,119.0,82.3,175.6,144.04,148,1402-11-22
تهران,تهران,2024-02-12,15.9,4.1,9.12,13.3,-0.9,0.0,0.0,0.0,15.9,41.08,56.6,119.7,89.37,180.2,146.25,150,1402-11-23
تهران,تهران,2024-02-13,17.5,4.6,10.32,14.4,-0.8,0.0,0.0,0.0,16.4,33.71,65.17,147.1,103.96,221.2,153.79,157,1402-11-24
تهران,تهران,2024-02-14,19.3,5.5,12.21,15.8,0.3,0.0,0.0,0.0,16.3,31.38,48.16,110.1,79.31,163.9,155.92,159,1402-11-25
تهران,تهران,2024-02-15,19.1,9.0,13.52,15.4,4.3,2.0,2.0,0.0,15.9,35.08,34.1,100.1,65.57,148.5,113.96,132,1402-11-26
تهران,تهران,2024-02-16,12.3,7.6,10.24,10.8,4.7,16.9,16.9,0.0,17.9,71.88,42.4,80.1,63.32,114.6,93.29,112,1402-11-27
تهران,تهران,2024-02-17,12.3,5.9,8.83,9.4,2.4,3.3,3.3,0.0,13.1,64.08,48.52,121.1,77.65,175.1,145.67,155,1402-11-28
تهران,تهران,2024-02-18,10.0,2.8,5.73,6.4,-0.9,0.3,0.3,0.0,10.8,65.42,22.57,57.7,32.79,82.7,86.21,133,1402-11-29
تهران,تهران,2024-02-19,7.7,2.1,4.58,4.7,-1.5,0.0,0.0,0.0,9.5,60.96,59.42,128.5,85.98,185.8,105.88,151,1402-11-30
تهران,تهران,2024-02-20,8.3,0.9,4.58,5.0,-3.7,0.2,0.2,0.0,13.4,62.33,66.84,125.7,99.83,184.4,157.46,159,1402-12-01
تهران,تهران,2024-02-21,10.3,-0.3,4.96,6.8,-5.2,0.0,0.0,0.0,15.0,56.25,67.65,147.1,101.78,216.1,156.17,158,1402-12-02
تهران,تهران,2024-02-22,10.8,1.7,5.4,7.8,-3.2,4.2,4.0,0.14,15.9,62.46,63.18,124.8,96.13,183.0,161.08,163,1402-12-03
تهران,تهران,2024-02-23,13.6,1.3,7.0,9.1,-3.6,0.0,0.0,0.0,16.0,50.83,57.47,119.0,86.7,172.8,151.29,155,1402-12-04
تهران,تهران,2024-02-24,11.6,3.2,7.27,9.1,-0.8,0.3,0.3,0.0,11.5,56.79,56.6,136.0,88.14,200.2,150.33,151,1402-12-05
تهران,تهران,2024-02-25,5.3,-0.1,1.62,2.1,-3.2,11.5,8.9,1.82,10.5,91.54,35.81,53.7,53.21,83.8,134.96,151,1402-12-06
تهران,تهران,2024-02-26,2.6,-2.1,0.19,-0.5,-5.5,1.3,0.0,0.91,12.0,77.42,28.5,56.7,40.94,81.3,90.96,101,1402-12-07
تهران,تهران,2024-02-27,3.7,-3.3,0.02,-0.1,-7.4,0.5,0.0,0.35,11.3,65.79,32.7,49.7,47.79,73.8,92.88,97,1402-12-08
تهران,تهران,2024-02-28,3.1,-1.2,0.37,-0.8,-4.6,2.6,0.0,1.89,9.1,70.29,39.66,56.1,59.65,86.6,107.5,115,1402-12-09
تهران,تهران,2024-02-29,4.0,-4.4,-0.52,0.8,-10.0,0.5,0.0,0.35,15.6,62.42,24.74,46.2,36.28,67.3,89.12,110,1402-12-10
تهران,تهران,2024-03-01,5.4,-5.3,-0.46,1.4,-10.9,0.0,0.0,0.0,14.8,42.92,48.2,115.3,70.44,167.6,93.38,124,1402-12-11
تهران,تهران,2024-03-02,7.6,-4.7,1.06,4.3,-10.4,0.0,0.0,0.0,14.8,47.08,63.29,112.0,91.92,162.5,151.46,156,1402-12-12
تهران,تهران,2024-03-03,9.4,-2.1,3.41,7.0,-7.5,0.0,0.0,0.0,14.0,47.71,82.7,142.5,122.42,210.0,161.29,169,1402-12-13
تهران,تهران,2024-03-04,10.1,0.3,5.15,6.9,-4.9,0.0,0.0,0.0,14.3,50.96,69.88,119.2,120.67,178.8,171.46,176,1402-12-14
تهران,تهران,2024-03-05,10.4,1.2,5.47,6.4,-2.8,0.1,0.1,0.0,13.6,58.83,72.33,140.6,147.24,226.3,153.29,160,1402-12-15
تهران,تهران,2024-03-06,13.8,-0.3,6.19,10.8,-5.4,0.0,0.0,0.0,15.9,49.75,58.82,123.9,98.03,183.9,159.21,166,1402-12-16
تهران,تهران,2024-03-07,15.2,-1.0,7.54,11.4,-6.4,0.6,0.6,0.0,22.0,52.71,39.16,85.2,78.38,125.7,147.42,152,1402-12-17
تهران,تهران,2024-03-08,15.0,2.8,8.3,11.3,-2.0,0.5,0.5,0.0,21.3,52.17,43.95,109.0,92.33,165.8,94.79,116,1402-12-18
تهران,تهران,2024-03-09,14.0,2.4,7.71,9.4,-2.8,0.0,0.0,0.0,18.1,34.62,40.51,107.1,59.74,154.1,121.38,130,1402-12-19
تهران,تهران,2024-03-10,14.8,1.0,8.52,12.1,-4.8,0.1,0.1,0.0,17.4,37.88,33.72,72.9,66.84,105.0,118.42,126,1402-12-20
تهران,تهران,2024-03-11,10.4,4.0,7.6,8.4,-1.0,1.4,1.4,0.0,16.9,62.46,46.94,129.5,95.93,204.0,96.0,124,1402-12-21
تهران,تهران,2024-03-12,14.5,-0.2,7.46,11.0,-5.6,0.0,0.0,0.0,17.1,43.58,33.45,72.9,50.09,108.0,125.12,135,1402-12-22
تهران,تهران,2024-03-13,15.3,2.5,9.01,12.3,-2.7,0.0,0.0,0.0,16.1,34.79,52.25,119.7,80.58,177.9,108.25,138,1402-12-23
تهران,تهران,2024-03-14,18.2,5.2,11.95,15.4,-0.1,0.0,0.0,0.0,15.0,27.67,49.0,95.2,76.77,141.6,151.46,155,1402-12-24
تهران,تهران,2024-03-15,17.4,8.5,12.11,13.7,4.4,15.0,15.0,0.0,16.4,47.54,45.56,73.3,107.04,179.3,117.67,134,1402-12-25
تهران,تهران,2024-03-16,17.8,6.2,11.6,15.9,1.2,1.4,1.4,0.0,19.4,53.58,45.52,77.5,93.01,124.8,131.88,137,1402-12-26
تهران,تهران,2024-03-17,18.7,4.8,11.97,14.4,-0.6,0.0,0.0,0.0,20.0,31.54,33.5,70.1,56.97,104.1,103.38,125,1402-12-27
تهران,تهران,2024-03-18,20.5,6.3,13.42,17.4,1.2,4.5,4.5,0.0,18.7,40.75,31.53,62.2,63.6,92.0,100.08,105,1402-12-28
تهران,تهران,2024-03-19,16.8,11.0,13.5,14.0,8.1,4.1,4.1,0.0,16.6,56.0,38.02,79.6,67.33,116.4,91.33,107,1402-12-29
تهران,تهران,2024-03-20,14.4,6.8,10.56,10.5,3.8,2.5,2.5,0.0,16.9,61.42,26.95,61.5,45.61,89.4,95.96,106,1403-01-01
تهران,تهران,2024-03-21,17.2,2.1,9.8,13.5,-2.8,0.0,0.0,0.0,24.5,47.79,32.05,94.5,51.98,137.4,82.17,90,1403-01-02
تهران,تهران,2024-03-22,18.0,5.4,12.1,14.9,0.5,0.0,0.0,0.0,16.6,39.17,33.66,69.4,55.16,101.5,109.17,116,1403-01-03
تهران,تهران,2024-03-23,19.5,7.0,13.69,15.3,2.6,0.0,0.0,0.0,21.0,36.54,35.74,68.7,68.32,104.8,93.5,99,1403-01-04
تهران,تهران,2024-03-24,21.8,7.2,15.63,18.8,2.2,0.0,0.0,0.0,19.6,28.71,29.54,69.2,52.59,103.6,108.88,117,1403-01-05
تهران,تهران,2024-03-25,14.7,6.5,11.15,11.4,4.4,26.3,26.3,0.0,22.6,67.83,35.94,105.5,60.78,156.5,79.62,100,1403-01-06
تهران,تهران,2024-03-26,14.8,3.6,9.96,11.1,0.3,0.0,0.0,0.0,26.2,52.17,27.05,67.3,49.59,100.6,92.79,103,1403-01-07
تهران,تهران,2024-03-27,15.9,5.1,10.7,12.2,1.4,0.1,0.1,0.0,31.0,50.0,31.17,72.6,51.91,104.8,93.58,98,1403-01-08
تهران,تهران,2024-03-28,16.3,4.6,9.89,12.6,0.8,0.0,0.0,0.0,20.6,47.54,27.71,48.4,43.91,70.1,88.0,92,1403-01-09
تهران,تهران,2024-03-29,16.4,0.9,9.4,13.1,-4.8,0.0,0.0,0.0,17.5,36.71,34.75,83.1,50.73,119.2,86.79,96,1403-01-10
تهران,تهران,2024-03-30,19.1,4.3,12.05,16.7,-1.1,0.0,0.0,0.0,17.0,32.71,44.72,98.3,65.49,142.0,110.67,123,1403-01-11
تهران,تهران,2024-03-31,19.9,6.6,13.13,16.1,1.6,0.0,0.0,0.0,19.7,31.25,31.44,68.2,47.38,98.7,121.12,127,1403-01-12
تهران,تهران,2024-04-01,20.0,5.2,12.66,16.6,-0.1,0.0,0.0,0.0,17.7,29.38,25.25,44.4,37.53,64.0,81.46,92,1403-01-13
تهران,تهران,2024-04-02,18.9,6.1,12.93,14.8,0.6,0.0,0.0,0.0,16.9,22.58,34.17,94.1,57.85,138.8,81.92,94,1403-01-14
تهران,تهران,2024-04-03,21.4,6.7,14.48,17.8,1.3,0.0,0.0,0.0,16.0,25.04,44.92,95.0,68.59,137.8,118.38,125,1403-01-15
تهران,تهران,2024-04-04,24.7,8.4,17.07,21.1,3.3,0.0,0.0,0.0,17.1,23.38,39.9,82.7,59.57,119.2,116.5,124,1403-01-16
تهران,تهران,2024-04-05,26.4,11.1,18.9,22.4,6.3,0.0,0.0,0.0,20.1,21.83,34.75,71.9,51.29,103.6,106.88,111,1403-01-17
تهران,تهران,2024-04-06,26.5,11.7,19.55,23.6,6.7,0.0,0.0,0.0,17.0,21.96,30.23,66.8,53.18,100.4,93.88,99,1403-01-18
تهران,تهران,2024-04-07,27.1,12.5,20.38,23.8,7.4,0.0,0.0,0.0,18.5,21.79,31.65,66.4,53.9,101.0,94.5,98,1403-01-19
تهران,تهران,2024-04-08,25.4,13.0,18.73,22.1,10.0,0.0,0.0,0.0,20.2,27.58,25.25,41.6,50.46,77.8,86.38,93,1403-01-20
تهران,تهران,2024-04-09,26.0,11.2,19.56,23.7,7.2,0.0,0.0,0.0,15.5,24.0,24.88,41.4,49.5,65.7,78.04,81,1403-01-21
تهران,تهران,2024-04-10,27.4,15.4,20.83,22.3,10.5,2.0,2.0,0.0,23.6,27.46,27.9,57.5,69.87,144.8,81.12,83,1403-01-22
تهران,تهران,2024-04-11,20.1,10.2,14.76,16.2,8.9,4.7,4.7,0.0,24.3,55.12,25.62,51.1,63.58,123.4,92.96,98,1403-01-23
تهران,تهران,2024-04-12,18.5,6.1,11.75,15.8,2.4,0.0,0.0,0.0,26.8,48.42,12.45,27.8,23.69,44.4,60.29,81,1403-01-24
تهران,تهران,2024-04-13,17.2,3.7,11.03,13.3,-1.0,0.0,0.0,0.0,15.5,37.5,27.62,85.4,46.1,124.3,66.71,81,1403-01-25
تهران,تهران,2024-04-14,19.2,5.9,13.45,15.7,1.2,0.0,0.0,0.0,15.0,31.92,37.55,84.8,59.7,124.3,102.88,107,1403-01-26
تهران,تهران,2024-04-15,22.0,8.3,15.9,19.5,3.6,0.0,0.0,0.0,15.7,26.04,34.81,79.9,58.68,116.9,107.54,110,1403-01-27
تهران,تهران,2024-04-16,23.3,10.4,17.21,21.2,5.6,0.0,0.0,0.0,18.9,24.21,31.12,66.1,51.36,101.3,90.83,99,1403-01-28
تهران,تهران,2024-04-17,24.4,10.6,18.44,20.5,6.2,0.0,0.0,0.0,16.5,27.25,38.88,94.5,64.29,141.6,89.21,103,1403-01-29
تهران,تهران,2024-04-18,25.5,11.6,18.8,21.2,8.0,0.0,0.0,0.0,20.5,25.0,43.06,80.6,78.82,121.5,122.96,128,1403-01-30
تهران,تهران,2024-04-19,28.1,11.8,20.19,24.4,6.6,0.1,0.1,0.0,25.0,22.29,34.73,69.8,54.41,104.5,114.75,119,1403-01-31
تهران,تهران,2024-04-20,26.7,12.4,20.54,24.6,7.5,0.0,0.0,0.0,17.3,23.75,25.78,54.4,41.7,78.9,86.42,99,1403-02-01
تهران,تهران,2024-04-21,28.4,14.2,21.45,24.6,10.2,0.0,0.0,0.0,36.0,24.12,27.42,48.5,63.91,94.1,83.46,87,1403-02-02
تهران,تهران,2024-04-22,26.3,16.8,20.51,23.8,13.6,1.0,1.0,0.0,18.7,33.58,29.32,45.3,68.4,99.0,90.04,94,1403-02-03
تهران,تهران,2024-04-23,16.7,11.9,13.86,15.0,10.9,9.9,9.9,0.0,13.6,76.08,33.18,49.5,59.77,112.9,88.0,94,1403-02-04
تهران,تهران,2024-04-24,19.6,10.6,14.4,18.2,9.5,0.5,0.5,0.0,13.7,66.33,35.51,85.2,54.51,127.6,93.12,99,1403-02-05
تهران,تهران,2024-04-25,22.4,9.6,15.92,20.6,6.3,0.0,0.0,0.0,13.7,49.92,41.1,85.7,64.02,126.7,116.96,122,1403-02-06
تهران,تهران,2024-04-26,23.8,10.2,17.62,22.0,6.2,0.0,0.0,0.0,16.7,39.75,41.28,78.7,66.95,119.7,116.29,121,1403-02-07
تهران,تهران,2024-04-27,24.2,11.0,18.61,22.6,6.8,0.0,0.0,0.0,17.8,30.17,34.29,75.7,62.05,113.6,105.5,114,1403-02-08
تهران,تهران,2024-04-28,25.8,13.2,20.14,22.8,8.9,0.0,0.0,0.0,15.2,24.54,25.6,57.0,46.88,88.2,87.42,98,1403-02-09
تهران,تهران,2024-04-29,27.8,13.6,21.48,24.9,8.8,0.0,0.0,0.0,15.7,22.29,27.55,53.3,52.18,82.4,83.38,90,1403-02-10
تهران,تهران,2024-04-30,27.8,15.5,22.42,24.6,11.4,0.0,0.0,0.0,15.8,17.29,25.59,46.7,47.82,77.5,84.58,87,1403-02-11
تهران,تهران,2024-05-01,27.0,18.1,22.65,22.6,13.9,0.0,0.0,0.0,22.1,14.17,24.39,56.1,49.17,90.8,79.79,81,1403-02-12
تهران,تهران,2024-05-02,21.0,16.9,18.38,17.3,14.6,0.9,0.9,0.0,16.8,36.92,35.02,57.7,78.36,122.0,85.5,97,1403-02-13
تهران,تهران,2024-05-03,23.8,14.2,18.26,21.7,12.3,10.1,10.1,0.0,17.7,48.62,33.86,61.2,65.4,99.0,108.46,114,1403-02-14
تهران,تهران,2024-05-04,22.7,11.6,17.05,18.9,11.0,1.2,1.2,0.0,29.1,56.79,25.76,59.8,46.7,88.0,80.5,97,1403-02-15
تهران,تهران,2024-05-05,24.4,12.4,19.25,21.6,10.3,0.0,0.0,0.0,23.9,36.79,24.72,51.5,49.4,75.7,82.88,84,1403-02-16
تهران,تهران,2024-05-06,21.8,12.7,17.42,19.6,8.9,0.3,0.3,0.0,15.5,47.08,33.17,49.5,102.5,204.0,84.42,95,1403-02-17
تهران,تهران,2024-05-07,20.0,12.5,15.87,20.6,8.9,8.7,8.7,0.0,18.4,62.71,39.67,54.6,115.46,214.7,107.21,114,1403-02-18
تهران,تهران,2024-05-08,21.0,10.4,16.36,20.1,6.8,0.0,0.0,0.0,18.3,49.12,32.01,52.5,92.64,152.7,101.62,112,1403-02-19
تهران,تهران,2024-05-09,20.4,9.9,15.68,19.4,7.0,0.1,0.1,0.0,17.8,46.42,16.86,31.3,30.73,50.6,80.75,93,1403-02-20
تهران,تهران,2024-05-10,22.1,10.2,16.6,21.3,6.6,0.0,0.0,0.0,14.7,45.79,21.05,54.5,35.01,78.7,76.08,121,1403-02-21
تهران,تهران,2024-05-11,27.0,11.9,20.14,25.7,7.8,0.0,0.0,0.0,16.6,34.38,23.01,51.3,38.32,74.0,87.25,130,1403-02-22
تهران,تهران,2024-05-12,31.3,15.9,23.49,28.7,11.7,1.5,1.5,0.0,25.7,26.83,23.78,39.5,61.23,170.0,80.96,109,1403-02-23
تهران,تهران,2024-05-13,26.3,16.5,20.97,23.8,14.1,3.6,3.6,0.0,29.1,43.83,33.95,52.0,111.44,198.4,82.96,97,1403-02-24
تهران,تهران,2024-05-14,24.5,14.4,19.33,22.3,11.5,5.4,5.4,0.0,20.0,53.71,40.2,61.0,108.82,169.0,107.92,113,1403-02-25
تهران,تهران,2024-05-15,26.2,14.1,20.99,23.7,12.1,0.0,0.0,0.0,18.1,32.92,26.28,69.2,57.36,103.8,96.88,112,1403-02-26
تهران,تهران,2024-05-16,27.2,14.3,21.5,23.9,10.4,0.0,0.0,0.0,19.6,28.25,22.6,53.1,49.5,80.6,89.67,108,1403-02-27
تهران,تهران,2024-05-17,24.7,14.5,20.19,21.2,11.7,0.0,0.0,0.0,25.2,30.08,24.41,33.6,85.25,174.6,74.96,96,1403-02-28
تهران,تهران,2024-05-18,25.2,13.1,20.0,19.1,10.3,0.0,0.0,0.0,31.0,26.42,12.86,20.3,22.35,29.5,76.79,100,1403-02-29
تهران,تهران,2024-05-19,25.1,11.8,19.38,22.8,8.3,0.0,0.0,0.0,17.6,29.12,18.68,54.1,28.61,78.2,67.54,110,1403-02-30
تهران,تهران,2024-05-20,27.6,16.1,22.75,25.4,12.1,0.0,0.0,0.0,17.5,21.75,25.11,47.3,51.46,68.7,85.83,116,1403-02-31
تهران,تهران,2024-05-21,28.4,17.1,21.75,26.9,15.0,4.6,4.6,0.0,27.6,40.62,29.12,37.0,85.7,126.7,80.75,88,1403-03-01
تهران,تهران,2024-05-22,27.1,16.0,21.0,27.2,15.3,0.1,0.1,0.0,16.9,46.17,31.76,44.7,80.09,110.6,89.08,92,1403-03-02
تهران,تهران,2024-05-23,26.8,15.1,21.19,24.6,14.6,0.2,0.2,0.0,21.7,42.38,25.47,46.0,49.87,95.7,94.04,101,1403-03-03
تهران,تهران,2024-05-24,28.5,14.8,22.66,27.4,11.7,0.0,0.0,0.0,17.7,30.12,19.8,35.3,32.81,53.9,80.5,120,1403-03-04
تهران,تهران,2024-05-25,30.3,17.1,24.18,28.8,14.1,0.5,0.5,0.0,24.0,26.67,23.06,35.2,44.53,60.3,87.67,137,1403-03-05
تهران,تهران,2024-05-26,30.4,17.1,23.7,28.8,14.0,0.4,0.4,0.0,30.9,33.08,22.53,30.0,63.28,99.0,72.88,80,1403-03-06
تهران,تهران,2024-05-27,32.6,18.6,26.23,31.0,14.9,0.0,0.0,0.0,21.6,21.96,22.68,33.1,58.49,109.4,86.29,123,1403-03-07
تهران,تهران,2024-05-28,33.2,18.5,26.61,31.4,14.9,0.0,0.0,0.0,22.1,18.58,18.05,30.3,35.13,55.2,86.29,143,1403-03-08
تهران,تهران,2024-05-29,32.9,19.3,26.89,31.0,15.6,0.0,0.0,0.0,14.9,20.38,22.69,58.7,40.04,85.4,83.54,143,1403-03-09
تهران,تهران,2024-05-30,34.9,20.6,28.42,32.6,16.7,0.0,0.0,0.0,16.0,17.88,24.91,51.3,47.23,74.5,92.5,142,1403-03-10
تهران,تهران,2024-05-31,35.6,22.2,29.86,33.9,18.5,0.0,0.0,0.0,16.3,16.21,22.96,48.0,44.67,71.2,86.33,117,1403-03-11
تهران,تهران,2024-06-01,37.5,23.2,31.08,34.3,18.3,0.0,0.0,0.0,17.4,13.12,23.53,57.3,46.99,87.8,77.92,105,1403-03-12
تهران,تهران,2024-06-02,34.1,21.8,28.25,30.2,20.1,0.0,0.0,0.0,28.8,19.96,16.85,40.9,28.75,65.4,95.17,160,1403-03-13
تهران,تهران,2024-06-03,32.1,17.0,25.74,30.3,14.8,0.0,0.0,0.0,11.5,25.5,21.78,62.6,38.06,91.7,96.96,199,1403-03-14
تهران,تهران,2024-06-04,31.7,18.5,26.31,29.5,16.4,0.0,0.0,0.0,13.6,23.25,22.66,48.5,37.21,70.8,97.12,156,1403-03-15
تهران,تهران,2024-06-05,31.8,19.0,26.39,29.5,16.3,0.0,0.0,0.0,13.3,20.46,26.92,50.1,46.74,74.3,89.96,132,1403-03-16
تهران,تهران,2024-06-06,31.9,19.7,26.68,29.5,17.0,0.0,0.0,0.0,13.7,22.12,22.05,35.4,40.98,59.3,82.67,101,1403-03-17
تهران,تهران,2024-06-07,33.0,20.9,27.7,30.7,17.6,0.0,0.0,0.0,15.1,18.08,18.41,32.8,33.55,52.4,78.29,110,1403-03-18
تهران,تهران,2024-06-08,34.1,21.1,28.5,31.2,17.0,0.0,0.0,0.0,16.6,13.46,16.34,33.5,34.79,50.5,76.46,113,1403-03-19
تهران,تهران,2024-06-09,35.5,21.8,29.62,32.0,16.4,0.0,0.0,0.0,17.7,10.96,13.4,24.7,31.14,39.9,69.12,106,1403-03-20
تهران,تهران,2024-06-10,37.0,23.3,30.98,34.0,18.6,0.0,0.0,0.0,20.0,12.04,20.18,33.2,43.97,66.4,75.92,118,1403-03-21
تهران,تهران,2024-06-11,36.1,21.8,30.3,34.5,19.7,0.0,0.0,0.0,22.8,17.71,27.56,45.4,72.98,100.6,81.92,118,1403-03-22
تهران,تهران,2024-06-12,36.8,22.0,30.7,34.7,19.5,0.0,0.0,0.0,15.5,15.17,28.15,45.2,66.44,82.2,99.75,145,1403-03-23
تهران,تهران,2024-06-13,35.4,23.3,29.56,33.7,19.4,0.0,0.0,0.0,28.2,16.92,24.04,31.0,62.05,104.1,97.12,144,1403-03-24
تهران,تهران,2024-06-14,33.5,22.3,27.69,31.2,19.8,0.0,0.0,0.0,23.4,26.58,30.09,41.4,73.6,97.3,98.58,150,1403-03-25
تهران,تهران,2024-06-15,32.3,20.7,27.14,31.4,18.9,0.0,0.0,0.0,17.2,29.04,33.75,48.0,71.42,95.9,114.38,172,1403-03-26
تهران,تهران,2024-06-16,36.1,22.7,29.32,34.0,20.2,0.0,0.0,0.0,27.2,25.08,25.84,36.8,52.7,77.8,105.33,166,1403-03-27
تهران,تهران,2024-06-17,35.6,22.5,29.39,33.9,20.1,0.0,0.0,0.0,18.2,23.96,22.58,37.0,42.12,58.3,95.75,148,1403-03-28
تهران,تهران,2024-06-18,35.3,23.3,29.95,33.8,20.4,0.0,0.0,0.0,18.4,22.92,22.94,47.8,39.93,70.8,100.71,176,1403-03-29
تهران,تهران,2024-06-19,35.1,23.5,29.82,34.3,21.6,0.0,0.0,0.0,23.5,23.29,25.25,49.2,44.62,72.4,108.92,177,1403-03-30
تهران,تهران,2024-06-20,34.0,22.4,28.3,32.2,21.1,0.0,0.0,0.0,19.6,26.75,22.29,35.4,41.93,54.1,104.92,180,1403-03-31
تهران,تهران,2024-06-21,34.3,22.2,28.68,32.5,20.5,0.0,0.0,0.0,18.4,25.29,22.12,43.9,38.56,64.7,92.83,150,1403-04-01
تهران,تهران,2024-06-22,34.3,22.7,29.54,33.0,19.7,0.0,0.0,0.0,12.8,21.29,24.58,43.7,43.85,64.0,97.75,164,1403-04-02
تهران,تهران,2024-06-23,34.1,23.7,28.92,34.2,21.2,0.1,0.1,0.0,22.4,23.25,26.3,39.0,62.66,87.3,80.33,82,1403-04-03
تهران,تهران,2024-06-24,33.3,23.3,27.83,32.7,20.8,0.9,0.9,0.0,24.9,28.67,29.7,41.2,72.49,91.0,86.71,91,1403-04-04
تهران,تهران,2024-06-25,35.5,22.3,30.22,33.7,19.6,0.0,0.0,0.0,22.7,23.58,28.06,52.7,67.68,91.3,84.25,89,1403-04-05
تهران,تهران,2024-06-26,34.6,24.5,29.92,33.8,20.5,0.0,0.0,0.0,26.0,22.96,28.0,45.8,66.46,83.8,96.38,123,1403-04-06
تهران,تهران,2024-06-27,34.0,22.3,29.43,32.9,20.5,0.0,0.0,0.0,12.3,23.5,23.27,36.9,45.2,60.1,100.25,163,1403-04-07
تهران,تهران,2024-06-28,36.0,22.6,30.19,35.2,21.0,0.0,0.0,0.0,10.8,22.58,23.82,40.4,64.55,115.9,78.38,105,1403-04-08
تهران,تهران,2024-06-29,36.1,25.8,31.04,36.4,24.1,0.0,0.0,0.0,17.8,23.17,40.1,65.4,107.36,179.3,90.38,109,1403-04-09
تهران,تهران,2024-06-30,34.4,22.8,29.59,34.4,22.2,0.0,0.0,0.0,12.5,28.08,39.43,52.4,104.96,159.3,129.33,184,1403-04-10
رضوانشهر,گیلان,2023-11-01,21.0,14.4,17.9,21.8,14.1,0.0,0.0,0.0,6.2,74.92,10.56,14.6,24.87,33.3,47.29,53,1402-08-10
رضوانشهر,گیلان,2023-11-02,22.3,15.1,18.51,24.2,14.8,0.0,0.0,0.0,10.1,82.5,17.7,25.0,41.41,61.5,58.29,66,1402-08-11
رضوانشهر,گیلان,2023-11-03,23.3,15.4,19.11,25.4,15.1,0.0,0.0,0.0,7.3,76.25,17.74,28.6,36.77,58.9,65.29,67,1402-08-12
رضوانشهر,گیلان,2023-11-04,18.9,15.8,17.63,19.2,16.7,19.4,19.4,0.0,19.3,86.29,12.48,22.1,25.23,49.1,67.08,71,1402-08-13
رضوانشهر,گیلان,2023-11-05,21.4,13.6,17.36,23.2,13.0,0.1,0.1,0.0,7.1,82.21,7.44,10.7,12.45,18.8,47.46,57,1402-08-14
رضوانشهر,گیلان,2023-11-06,21.3,13.2,17.17,23.2,11.8,0.0,0.0,0.0,5.7,71.42,9.59,17.0,16.72,28.4,42.42,51,1402-08-15
رضوانشهر,گیلان,2023-11-07,22.2,13.6,17.76,23.6,11.9,13.6,13.6,0.0,8.4,73.17,9.6,14.1,17.54,26.1,51.46,52,1402-08-16
رضوانشهر,گیلان,2023-11-08,19.5,13.1,16.32,19.8,12.9,2.6,2.6,0.0,8.4,83.96,8.12,10.3,14.1,17.9,50.92,53,1402-08-17
رضوانشهر,گیلان,2023-11-09,19.1,11.4,14.97,19.4,10.0,0.0,0.0,0.0,7.3,76.5,6.56,9.5,10.1,15.1,40.5,45,1402-08-18
رضوانشهر,گیلان,2023-11-10,18.7,13.1,15.71,18.4,11.1,12.2,12.2,0.0,14.6,81.67,3.5,5.4,5.67,8.1,32.83,36,1402-08-19
رضوانشهر,گیلان,2023-11-11,18.5,13.2,15.72,18.3,12.9,2.8,2.8,0.0,17.3,86.25,3.63,6.0,6.68,12.0,30.25,34,1402-08-20
رضوانشهر,گیلان,2023-11-12,19.1,12.7,15.9,20.7,11.5,0.0,0.0,0.0,6.4,82.25,8.69,17.2,17.54,32.8,29.54,47,1402-08-21
رضوانشهر,گیلان,2023-11-13,21.5,11.9,17.14,23.0,10.0,0.0,0.0,0.0,9.7,71.58,10.18,19.7,19.65,36.1,48.12,52,1402-08-22
رضوانشهر,گیلان,2023-11-14,22.3,13.2,17.6,24.8,11.2,0.0,0.0,0.0,8.1,77.71,15.82,25.2,29.93,48.5,58.5,62,1402-08-23
رضوانشهر,گیلان,2023-11-15,18.2,15.0,16.59,18.2,15.3,0.1,0.1,0.0,8.0,80.54,10.52,23.3,23.38,45.2,60.54,63,1402-08-24
رضوانشهر,گیلان,2023-11-16,22.1,13.7,17.33,23.5,13.2,0.0,0.0,0.0,10.5,77.25,7.3,13.2,12.32,21.4,46.58,53,1402-08-25
رضوانشهر,گیلان,2023-11-17,22.1,12.4,15.42,22.7,11.0,0.9,0.9,0.0,28.7,71.58,4.66,7.1,7.64,12.4,35.71,41,1402-08-26
رضوانشهر,گیلان,2023-11-18,17.2,11.9,14.81,17.9,11.5,0.0,0.0,0.0,6.4,85.96,4.54,8.8,7.15,13.9,28.25,31,1402-08-27
رضوانشهر,گیلان,2023-11-19,19.6,11.2,15.43,21.1,10.2,0.0,0.0,0.0,6.0,80.79,8.04,14.3,13.65,23.2,33.92,45,1402-08-28
رضوانشهر,گیلان,2023-11-20,23.7,11.7,16.65,24.4,9.3,0.8,0.8,0.0,11.7,62.92,5.44,9.3,9.46,17.3,39.92,45,1402-08-29
رضوانشهر,گیلان,2023-11-21,16.8,9.2,12.95,16.4,8.0,2.1,2.1,0.0,15.1,80.38,2.92,5.8,5.92,11.6,24.83,30,1402-08-30
رضوانشهر,گیلان,2023-11-22,16.0,7.8,11.58,15.0,5.3,0.0,0.0,0.0,8.3,67.0,9.02,11.2,15.43,23.0,35.17,50,1402-09-01
رضوانشهر,گیلان,2023-11-23,17.5,7.4,12.44,17.1,4.4,0.0,0.0,0.0,10.8,65.58,4.95,7.6,8.77,13.2,36.46,50,1402-09-02
رضوانشهر,گیلان,2023-11-24,17.2,11.5,14.1,17.3,10.3,0.8,0.8,0.0,7.1,74.33,6.19,10.5,9.34,15.7,31.17,34,1402-09-03
رضوانشهر,گیلان,2023-11-25,19.2,8.6,13.92,18.6,5.9,0.0,0.0,0.0,11.5,61.62,4.7,8.9,7.2,12.9,31.12,34,1402-09-04
رضوانشهر,گیلان,2023-11-26,25.8,11.6,18.76,26.5,9.1,0.0,0.0,0.0,13.7,44.29,5.47,9.3,8.5,13.7,25.62,29,1402-09-05
رضوانشهر,گیلان,2023-11-27,24.6,14.9,19.08,25.3,13.5,0.1,0.1,0.0,22.1,58.83,12.79,20.0,20.79,33.3,48.0,58,1402-09-06
رضوانشهر,گیلان,2023-11-28,15.3,10.7,11.86,14.2,8.5,6.8,6.8,0.0,19.1,82.96,2.91,4.9,5.59,7.8,44.79,57,1402-09-07
رضوانشهر,گیلان,2023-11-29,14.3,9.6,11.75,13.9,8.0,0.0,0.0,0.0,4.9,80.54,3.98,7.9,6.78,12.0,29.88,34,1402-09-08
رضوانشهر,گیلان,2023-11-30,16.1,9.0,12.41,16.3,6.6,0.0,0.0,0.0,6.9,68.0,7.48,13.1,13.39,22.0,30.12,41,1402-09-09
رضوانشهر,گیلان,2023-12-01,18.1,10.3,13.95,17.4,8.5,0.0,0.0,0.0,10.1,67.88,6.51,9.3,11.16,17.9,44.88,49,1402-09-10
رضوانشهر,گیلان,2023-12-02,17.0,8.6,12.83,17.6,6.0,0.0,0.0,0.0,8.2,71.83,5.35,10.4,8.49,16.4,27.88,36,1402-09-11
رضوانشهر,گیلان,2023-12-03,19.0,9.5,13.54,18.8,6.6,0.0,0.0,0.0,8.0,60.04,5.65,10.3,8.99,16.0,31.58,33,1402-09-12
رضوانشهر,گیلان,2023-12-04,19.3,9.0,13.75,19.2,5.7,0.0,0.0,0.0,5.8,54.21,5.24,11.3,8.1,17.6,29.46,31,1402-09-13
رضوانشهر,گیلان,2023-12-05,20.6,8.5,13.22,20.1,5.2,0.1,0.1,0.0,12.1,62.25,5.36,9.9,10.25,20.8,28.46,29,1402-09-14
رضوانشهر,گیلان,2023-12-06,16.1,9.2,12.4,15.7,7.9,0.0,0.0,0.0,7.1,85.71,8.56,14.0,16.34,25.6,41.71,49,1402-09-15
رضوانشهر,گیلان,2023-12-07,14.9,8.8,12.55,14.7,7.3,0.7,0.7,0.0,11.7,87.62,8.88,15.8,17.57,31.0,47.75,50,1402-09-16
رضوانشهر,گیلان,2023-12-08,13.8,12.6,13.1,12.7,10.8,2.4,2.4,0.0,15.9,88.04,5.04,8.9,9.99,19.0,37.04,49,1402-09-17
رضوانشهر,گیلان,2023-12-09,16.1,11.0,13.4,16.0,10.4,3.1,3.1,0.0,14.6,87.83,9.24,13.6,16.59,25.3,39.46,50,1402-09-18
رضوانشهر,گیلان,2023-12-10,17.3,10.2,13.4,16.6,8.7,0.0,0.0,0.0,10.4,83.33,10.9,13.9,20.99,27.1,52.5,54,1402-09-19
رضوانشهر,گیلان,2023-12-11,13.8,11.7,12.9,13.5,10.7,12.4,12.4,0.0,10.8,89.62,4.39,6.9,8.04,12.5,41.92,54,1402-09-20
رضوانشهر,گیلان,2023-12-12,14.6,10.3,12.68,13.9,9.3,0.1,0.1,0.0,9.2,86.71,5.36,11.5,8.9,19.8,23.79,29,1402-09-21
رضوانشهر,گیلان,2023-12-13,13.2,11.4,11.99,12.4,8.0,12.6,12.6,0.0,21.7,92.25,5.18,8.1,9.25,13.9,34.04,38,1402-09-22
رضوانشهر,گیلان,2023-12-14,11.3,9.5,10.35,8.6,6.8,34.1,34.1,0.0,29.0,89.08,2.0,4.6,3.04,7.6,25.92,29,1402-09-23
رضوانشهر,گیلان,2023-12-15,13.2,5.3,9.6,12.7,3.1,0.7,0.7,0.0,8.3,85.92,4.27,9.8,6.33,14.2,22.83,27,1402-09-24
رضوانشهر,گیلان,2023-12-16,15.5,7.4,11.22,16.1,4.4,0.0,0.0,0.0,7.2,78.88,6.3,8.6,9.77,12.6,32.21,37,1402-09-25
رضوانشهر,گیلان,2023-12-17,12.7,7.6,10.22,11.7,3.9,4.2,4.2,0.0,20.6,81.29,3.48,8.6,5.4,13.6,30.08,35,1402-09-26
رضوانشهر,گیلان,2023-12-18,9.4,4.2,6.49,6.7,1.2,4.7,4.7,0.0,24.0,77.42,3.31,9.1,5.57,15.4,30.21,34,1402-09-27
رضوانشهر,گیلان,2023-12-19,11.3,1.8,6.84,9.6,-1.3,0.0,0.0,0.0,6.3,76.21,5.87,8.0,10.42,13.6,31.92,35,1402-09-28
رضوانشهر,گیلان,2023-12-20,12.3,4.2,7.68,10.8,1.4,0.0,0.0,0.0,5.9,75.67,6.84,10.5,11.57,18.6,38.5,42,1402-09-29
رضوانشهر,گیلان,2023-12-21,12.7,4.5,8.68,11.7,1.7,0.0,0.0,0.0,7.1,72.92,9.9,15.7,15.95,24.0,39.54,51,1402-09-30
رضوانشهر,گیلان,2023-12-22,17.6,5.8,11.19,17.1,3.4,0.5,0.5,0.0,11.7,64.54,7.95,13.2,15.18,33.4,49.42,52,1402-10-01
رضوانشهر,گیلان,2023-12-23,20.8,10.5,15.44,19.4,7.0,0.0,0.0,0.0,17.4,53.0,10.37,19.7,22.73,49.0,53.62,57,1402-10-02
رضوانشهر,گیلان,2023-12-24,20.1,9.9,15.44,19.4,8.4,0.1,0.1,0.0,20.2,65.88,3.33,5.1,5.73,11.7,30.67,53,1402-10-03
رضوانشهر,گیلان,2023-12-25,19.0,6.3,9.42,14.2,1.2,0.0,0.0,0.0,33.1,69.33,2.53,4.7,3.86,6.8,25.58,34,1402-10-04
رضوانشهر,گیلان,2023-12-26,18.0,7.8,12.64,18.6,5.4,0.0,0.0,0.0,8.5,66.17,3.81,6.5,5.9,9.7,20.12,26,1402-10-05
رضوانشهر,گیلان,2023-12-27,16.0,7.2,11.69,15.4,4.5,0.0,0.0,0.0,6.3,69.12,4.69,8.6,7.31,12.7,21.71,26,1402-10-06
رضوانشهر,گیلان,2023-12-28,17.1,8.7,11.15,15.9,6.7,12.9,12.9,0.0,17.3,73.83,2.85,4.9,4.61,7.6,28.46,34,1402-10-07
رضوانشهر,گیلان,2023-12-29,12.2,6.4,9.31,10.2,4.4,1.4,1.4,0.0,11.9,85.54,3.59,8.1,6.0,13.3,30.0,34,1402-10-08
رضوانشهر,گیلان,2023-12-30,12.8,4.8,8.92,12.1,1.8,0.0,0.0,0.0,7.6,77.04,5.49,6.9,9.34,11.3,28.29,34,1402-10-09
رضوانشهر,گیلان,2023-12-31,13.2,5.2,9.08,12.5,2.3,0.0,0.0,0.0,7.4,79.71,5.9,11.2,9.83,18.0,27.54,32,1402-10-10
رضوانشهر,گیلان,2024-01-01,14.3,7.6,11.32,12.9,5.6,2.1,2.1,0.0,14.2,77.25,9.83,13.1,16.45,21.5,44.62,51,1402-10-11
رضوانشهر,گیلان,2024-01-02,13.2,6.6,9.85,12.4,4.4,0.0,0.0,0.0,7.6,80.5,10.09,15.8,16.77,25.6,51.58,52,1402-10-12
رضوانشهر,گیلان,2024-01-03,16.1,6.5,10.85,16.1,4.1,0.0,0.0,0.0,10.7,72.83,8.7,16.6,15.32,30.7,49.38,52,1402-10-13
رضوانشهر,گیلان,2024-01-04,14.1,6.0,9.94,13.7,3.7,0.0,0.0,0.0,7.6,76.54,7.7,12.3,12.71,21.9,50.88,53,1402-10-14
رضوانشهر,گیلان,2024-01-05,15.2,8.5,12.67,14.9,5.8,0.0,0.0,0.0,15.7,68.33,4.19,8.4,6.4,12.5,29.88,43,1402-10-15
رضوانشهر,گیلان,2024-01-06,13.6,7.3,10.56,11.2,4.4,8.6,8.6,0.0,17.3,74.21,3.72,6.1,5.7,9.3,25.08,29,1402-10-16
رضوانشهر,گیلان,2024-01-07,14.5,3.8,8.95,13.0,0.7,0.0,0.0,0.0,9.8,64.54,5.02,7.0,8.24,10.9,24.29,28,1402-10-17
رضوانشهر,گیلان,2024-01-08,14.9,5.2,9.75,13.8,2.0,0.0,0.0,0.0,9.1,63.54,4.58,8.0,7.34,12.3,26.71,28,1402-10-18
رضوانشهر,گیلان,2024-01-09,21.4,8.4,13.93,20.9,4.5,0.0,0.0,0.0,10.5,46.71,3.48,5.7,5.44,9.4,22.96,25,1402-10-19
رضوانشهر,گیلان,2024-01-10,15.2,6.6,8.78,12.8,4.4,7.9,7.9,0.0,19.1,84.79,2.48,6.7,4.43,12.7,25.04,30,1402-10-20
رضوانشهر,گیلان,2024-01-11,8.5,6.9,7.81,6.8,4.7,2.8,2.8,0.0,13.0,89.96,2.25,5.1,4.13,9.4,25.0,30,1402-10-21
رضوانشهر,گیلان,2024-01-12,10.9,5.7,7.92,9.9,3.8,0.0,0.0,0.0,9.8,88.33,7.27,11.6,16.08,23.5,28.38,40,1402-10-22
رضوانشهر,گیلان,2024-01-13,10.7,2.4,6.07,7.8,-1.2,21.3,21.0,0.21,26.0,87.79,2.15,5.1,3.76,8.7,33.62,40,1402-10-23
رضوانشهر,گیلان,2024-01-14,3.7,2.3,2.89,0.2,-2.5,18.4,16.6,1.26,23.7,90.96,1.43,3.8,2.06,5.4,30.75,33,1402-10-24
رضوانشهر,گیلان,2024-01-15,5.6,2.9,4.41,3.7,0.1,0.0,0.0,0.0,7.9,86.12,4.57,8.1,7.05,13.8,26.79,29,1402-10-25
رضوانشهر,گیلان,2024-01-16,10.8,2.2,6.46,10.2,-1.1,0.0,0.0,0.0,7.8,78.71,9.43,15.2,21.1,31.3,36.58,50,1402-10-26
رضوانشهر,گیلان,2024-01-17,15.7,3.1,8.95,13.6,-0.3,0.0,0.0,0.0,13.4,72.46,10.12,12.5,17.32,21.7,53.38,55,1402-10-27
رضوانشهر,گیلان,2024-01-18,10.5,6.2,8.71,8.9,4.4,0.0,0.0,0.0,12.0,89.12,6.51,11.9,9.91,17.8,45.21,52,1402-10-28
رضوانشهر,گیلان,2024-01-19,11.7,3.9,7.72,10.5,1.1,0.0,0.0,0.0,7.4,84.62,6.27,10.6,9.97,16.2,31.25,36,1402-10-29
رضوانشهر,گیلان,2024-01-20,12.3,5.5,9.15,12.1,2.6,0.0,0.0,0.0,6.5,82.5,10.91,20.4,18.62,34.6,44.04,54,1402-10-30
رضوانشهر,گیلان,2024-01-21,16.4,5.7,10.95,15.9,2.8,0.2,0.2,0.0,22.1,74.92,8.76,12.7,15.26,21.8,52.46,54,1402-11-01
رضوانشهر,گیلان,2024-01-22,9.9,5.5,8.57,7.9,2.1,5.6,5.6,0.0,18.9,89.96,1.28,4.5,2.09,6.9,35.29,49,1402-11-02
رضوانشهر,گیلان,2024-01-23,6.4,4.6,5.51,3.3,1.2,5.6,5.6,0.0,17.1,89.04,0.46,1.1,0.69,1.6,28.75,31,1402-11-03
رضوانشهر,گیلان,2024-01-24,4.7,2.4,3.3,1.3,-1.6,16.6,13.6,2.1,18.1,90.38,0.5,0.9,0.82,1.3,30.46,32,1402-11-04
رضوانشهر,گیلان,2024-01-25,7.0,1.0,3.9,4.6,-2.0,0.7,0.7,0.0,8.2,78.96,4.76,11.5,7.9,19.4,27.58,30,1402-11-05
رضوانشهر,گیلان,2024-01-26,10.2,1.5,6.36,8.2,-1.8,0.0,0.0,0.0,7.0,78.62,7.68,11.5,18.12,25.2,37.96,43,1402-11-06
رضوانشهر,گیلان,2024-01-27,10.5,4.8,7.41,9.0,2.6,1.3,1.3,0.0,9.0,86.71,9.92,13.9,24.61,30.6,48.54,52,1402-11-07
رضوانشهر,گیلان,2024-01-28,10.6,4.7,7.52,8.3,2.0,1.4,1.4,0.0,15.3,77.21,4.86,8.9,8.9,20.0,41.88,52,1402-11-08
رضوانشهر,گیلان,2024-01-29,8.6,2.9,5.9,5.1,-0.1,12.6,12.6,0.0,19.9,84.46,3.05,6.0,5.3,10.9,27.62,31,1402-11-09
رضوانشهر,گیلان,2024-01-30,5.3,3.4,4.68,2.3,-0.9,21.0,21.0,0.0,18.7,91.92,0.65,2.6,0.98,4.1,30.08,31,1402-11-10
رضوانشهر,گیلان,2024-01-31,6.8,4.4,5.47,3.5,1.9,1.8,1.8,0.0,12.6,86.38,2.18,6.3,3.32,10.2,33.62,35,1402-11-11
رضوانشهر,گیلان,2024-02-01,6.8,5.4,5.98,4.2,2.5,1.4,1.4,0.0,10.8,87.29,7.67,15.6,12.48,26.2,30.92,41,1402-11-12
رضوانشهر,گیلان,2024-02-02,7.4,1.0,5.41,5.4,-2.1,6.1,6.1,0.0,13.4,86.12,18.38,37.5,31.24,64.0,54.71,67,1402-11-13
رضوانشهر,گیلان,2024-02-03,11.4,-0.9,5.33,9.4,-4.5,0.0,0.0,0.0,7.1,71.33,12.12,17.8,23.9,37.7,64.83,69,1402-11-14
رضوانشهر,گیلان,2024-02-04,13.4,3.0,7.53,12.4,-0.1,0.0,0.0,0.0,5.7,63.96,10.05,13.0,20.93,27.8,55.5,56,1402-11-15
رضوانشهر,گیلان,2024-02-05,16.0,6.0,10.68,15.8,2.8,0.0,0.0,0.0,10.6,63.75,4.59,6.2,8.18,12.4,40.67,52,1402-11-16
رضوانشهر,گیلان,2024-02-06,19.7,7.7,12.91,15.7,4.6,0.0,0.0,0.0,38.5,55.62,3.42,10.5,5.2,16.0,30.79,37,1402-11-17
رضوانشهر,گیلان,2024-02-07,15.8,5.5,9.8,15.2,3.0,0.0,0.0,0.0,12.3,78.75,5.6,10.9,8.17,15.7,27.58,31,1402-11-18
رضوانشهر,گیلان,2024-02-08,17.3,6.2,10.81,17.9,3.3,0.0,0.0,0.0,7.0,66.5,8.44,10.5,12.56,15.5,41.38,48,1402-11-19
رضوانشهر,گیلان,2024-02-09,19.4,5.9,12.2,17.9,2.9,0.0,0.0,0.0,7.6,60.0,8.9,13.8,14.0,21.4,45.42,49,1402-11-20
رضوانشهر,گیلان,2024-02-10,18.6,8.5,12.97,17.7,6.1,0.0,0.0,0.0,6.9,57.92,10.14,14.4,16.65,22.6,51.04,52,1402-11-21
رضوانشهر,گیلان,2024-02-11,16.9,7.9,12.14,15.9,5.3,0.0,0.0,0.0,7.6,64.04,8.43,10.6,19.45,39.3,51.17,52,1402-11-22
رضوانشهر,گیلان,2024-02-12,17.3,7.1,12.15,16.8,4.4,0.0,0.0,0.0,6.6,68.88,10.09,14.9,22.62,36.6,47.62,52,1402-11-23
رضوانشهر,گیلان,2024-02-13,16.5,7.2,11.83,16.3,4.3,0.0,0.0,0.0,7.6,74.25,9.79,17.3,22.49,35.0,51.67,52,1402-11-24
رضوانشهر,گیلان,2024-02-14,17.9,9.4,13.33,17.7,7.0,0.0,0.0,0.0,8.5,75.83,10.22,17.9,23.85,42.7,50.88,52,1402-11-25
رضوانشهر,گیلان,2024-02-15,13.1,9.4,10.8,11.9,7.5,2.7,2.7,0.0,11.9,89.17,8.81,11.8,19.97,25.9,54.25,57,1402-11-26
رضوانشهر,گیلان,2024-02-16,9.5,5.9,7.95,7.9,3.3,9.0,9.0,0.0,17.9,90.29,4.58,8.9,10.07,22.6,37.17,49,1402-11-27
رضوانشهر,گیلان,2024-02-17,6.7,4.6,5.5,4.6,1.8,15.2,15.2,0.0,9.5,90.5,0.61,1.3,1.44,3.8,31.42,32,1402-11-28
رضوانشهر,گیلان,2024-02-18,6.8,4.7,5.67,3.6,1.6,2.8,2.8,0.0,14.1,86.25,0.89,6.3,1.6,10.9,33.12,36,1402-11-29
رضوانشهر,گیلان,2024-02-19,10.0,3.4,6.52,7.6,1.1,0.0,0.0,0.0,9.5,85.38,4.08,10.5,7.67,23.3,33.08,36,1402-11-30
رضوانشهر,گیلان,2024-02-20,11.1,1.6,6.87,8.8,-1.2,0.3,0.3,0.0,12.4,82.67,7.81,10.3,13.3,17.1,35.17,43,1402-12-01
رضوانشهر,گیلان,2024-02-21,11.4,4.7,8.35,9.4,2.7,0.4,0.4,0.0,13.1,85.5,7.48,10.1,13.86,19.8,43.0,45,1402-12-02
رضوانشهر,گیلان,2024-02-22,9.5,6.6,8.06,7.7,4.9,1.2,1.2,0.0,10.6,89.25,7.43,9.5,14.4,18.5,44.54,49,1402-12-03
رضوانشهر,گیلان,2024-02-23,10.1,6.3,7.83,8.3,3.2,4.9,4.9,0.0,19.0,90.08,5.57,9.3,9.67,16.2,36.12,41,1402-12-04
رضوانشهر,گیلان,2024-02-24,7.2,4.7,6.35,4.5,0.4,12.0,12.0,0.0,21.0,88.75,1.39,2.3,2.14,3.6,32.38,34,1402-12-05
رضوانشهر,گیلان,2024-02-25,4.3,2.0,3.31,-0.2,-3.3,18.3,16.8,1.05,23.6,87.0,2.5,6.7,4.13,10.2,35.0,37,1402-12-06
رضوانشهر,گیلان,2024-02-26,4.7,0.3,2.65,-0.3,-4.0,3.2,0.1,2.17,20.4,61.96,3.28,4.6,4.95,6.3,36.75,38,1402-12-07
رضوانشهر,گیلان,2024-02-27,6.1,-0.2,3.02,2.3,-4.3,0.5,0.4,0.07,12.6,65.08,6.28,10.0,10.48,16.5,40.42,42,1402-12-08
رضوانشهر,گیلان,2024-02-28,6.2,0.4,3.64,1.8,-2.9,0.0,0.0,0.0,14.2,66.88,10.57,17.4,17.6,28.8,45.5,52,1402-12-09
رضوانشهر,گیلان,2024-02-29,8.5,-3.5,2.76,5.8,-7.7,0.0,0.0,0.0,8.5,65.92,11.0,16.9,18.05,27.0,53.38,54,1402-12-10
رضوانشهر,گیلان,2024-03-01,10.6,-0.8,4.38,7.9,-4.5,0.0,0.0,0.0,10.9,65.88,11.19,19.3,18.26,30.3,53.54,54,1402-12-11
رضوانشهر,گیلان,2024-03-02,11.1,-0.3,5.77,8.9,-3.7,0.0,0.0,0.0,7.7,72.5,11.33,15.0,18.25,24.7,56.08,58,1402-12-12
رضوانشهر,گیلان,2024-03-03,9.9,3.2,7.09,7.8,0.6,0.0,0.0,0.0,6.5,78.62,9.81,13.6,15.62,21.4,52.79,55,1402-12-13
رضوانشهر,گیلان,2024-03-04,9.4,6.1,8.07,7.2,4.4,0.5,0.5,0.0,9.5,84.88,14.82,20.9,26.67,39.0,54.54,61,1402-12-14
رضوانشهر,گیلان,2024-03-05,12.0,5.2,8.38,9.9,3.1,0.0,0.0,0.0,7.0,78.71,22.58,33.9,41.15,61.9,66.21,75,1402-12-15
رضوانشهر,گیلان,2024-03-06,14.3,3.0,9.11,13.5,-0.2,0.0,0.0,0.0,9.7,77.58,18.79,30.0,36.54,54.5,77.29,80,1402-12-16
رضوانشهر,گیلان,2024-03-07,15.1,6.4,9.9,13.9,3.6,0.0,0.0,0.0,14.9,78.38,11.92,14.6,24.98,41.6,60.25,68,1402-12-17
رضوانشهر,گیلان,2024-03-08,11.6,7.8,9.47,9.9,5.2,1.2,1.2,0.0,10.7,84.96,9.78,17.1,25.07,43.7,52.67,56,1402-12-18
رضوانشهر,گیلان,2024-03-09,13.3,7.4,10.07,12.2,5.8,0.0,0.0,0.0,12.3,86.92,15.47,17.6,38.13,46.8,58.29,63,1402-12-19
رضوانشهر,گیلان,2024-03-10,12.3,6.9,9.43,10.5,3.9,11.4,11.4,0.0,24.0,86.58,10.51,15.5,24.85,36.9,58.71,62,1402-12-20
رضوانشهر,گیلان,2024-03-11,11.1,7.0,8.76,9.1,5.0,3.1,3.1,0.0,8.7,87.04,3.61,7.6,7.27,13.2,41.92,53,1402-12-21
رضوانشهر,گیلان,2024-03-12,11.0,5.4,8.69,9.2,3.5,11.6,11.6,0.0,10.6,86.54,11.77,23.0,19.04,40.3,40.04,54,1402-12-22
رضوانشهر,گیلان,2024-03-13,10.7,4.9,8.73,8.9,2.4,1.5,1.5,0.0,8.9,86.62,10.65,15.5,17.16,23.7,57.38,60,1402-12-23
رضوانشهر,گیلان,2024-03-14,12.4,6.6,9.87,10.7,4.7,0.1,0.1,0.0,8.0,84.92,11.0,14.6,18.97,27.8,53.38,54,1402-12-24
رضوانشهر,گیلان,2024-03-15,12.1,5.5,9.01,11.0,3.8,0.0,0.0,0.0,6.5,91.62,15.04,22.3,35.54,68.2,56.46,61,1402-12-25
رضوانشهر,گیلان,2024-03-16,10.4,7.5,9.36,9.3,6.3,0.8,0.8,0.0,14.1,94.29,25.52,35.3,81.46,112.0,70.79,81,1402-12-26
رضوانشهر,گیلان,2024-03-17,13.4,6.5,10.06,12.8,5.1,0.0,0.0,0.0,6.6,91.04,31.28,42.0,105.38,133.6,86.0,92,1402-12-27
رضوانشهر,گیلان,2024-03-18,13.2,8.5,10.65,12.3,7.6,3.5,3.5,0.0,7.1,91.92,25.27,33.9,70.74,101.7,91.5,96,1402-12-28
رضوانشهر,گیلان,2024-03-19,11.5,9.3,10.17,10.0,7.6,16.7,16.7,0.0,12.6,92.42,11.98,19.7,28.0,47.4,67.08,81,1402-12-29
رضوانشهر,گیلان,2024-03-20,10.4,7.9,9.21,8.9,5.6,2.1,2.1,0.0,12.0,87.92,3.88,9.4,6.51,16.0,38.5,56,1403-01-01
رضوانشهر,گیلان,2024-03-21,12.4,7.4,10.49,12.0,5.8,1.6,1.6,0.0,7.2,90.58,5.69,8.0,8.63,14.6,27.96,32,1403-01-02
رضوانشهر,گیلان,2024-03-22,13.0,9.5,10.98,12.0,8.6,0.2,0.2,0.0,7.7,88.21,5.95,7.7,10.87,16.1,33.17,34,1403-01-03
رضوانشهر,گیلان,2024-03-23,11.9,8.5,10.08,11.2,7.4,0.1,0.1,0.0,9.2,93.67,7.9,10.0,14.92,18.5,38.0,43,1403-01-04
رضوانشهر,گیلان,2024-03-24,11.7,9.0,10.18,10.0,8.0,1.6,1.6,0.0,12.6,92.38,6.49,10.0,13.07,18.1,42.12,46,1403-01-05
رضوانشهر,گیلان,2024-03-25,11.2,7.4,9.25,9.6,6.2,2.6,2.6,0.0,11.5,91.79,4.57,5.4,10.82,13.6,33.21,36,1403-01-06
رضوانشهر,گیلان,2024-03-26,22.5,7.4,14.77,20.7,6.0,0.0,0.0,0.0,17.6,66.25,8.33,13.4,17.67,31.9,34.71,47,1403-01-07
رضوانشهر,گیلان,2024-03-27,13.6,8.5,10.59,11.8,6.3,3.7,3.7,0.0,10.7,69.21,4.85,8.4,8.71,15.1,44.38,47,1403-01-08
رضوانشهر,گیلان,2024-03-28,16.3,7.1,11.59,15.6,4.5,0.0,0.0,0.0,10.8,67.92,9.6,23.5,18.71,49.1,44.5,51,1403-01-09
رضوانشهر,گیلان,2024-03-29,17.3,6.9,12.43,17.7,4.2,0.0,0.0,0.0,8.7,71.12,11.92,18.3,19.74,29.0,48.92,55,1403-01-10
رضوانشهر,گیلان,2024-03-30,18.6,8.0,13.89,17.9,5.3,0.0,0.0,0.0,12.0,67.62,14.96,18.5,23.54,28.4,59.21,62,1403-01-11
رضوانشهر,گیلان,2024-03-31,16.7,8.3,12.8,16.8,6.4,0.7,0.7,0.0,13.0,79.71,15.1,20.4,35.66,55.6,61.29,62,1403-01-12
رضوانشهر,گیلان,2024-04-01,17.2,9.4,13.37,17.8,8.6,0.0,0.0,0.0,9.4,81.88,11.72,18.2,21.08,36.4,59.42,62,1403-01-13
رضوانشهر,گیلان,2024-04-02,18.8,8.4,13.72,19.9,6.8,0.0,0.0,0.0,7.9,75.62,13.34,22.5,21.82,35.5,53.96,58,1403-01-14
رضوانشهر,گیلان,2024-04-03,19.1,9.1,14.14,20.8,7.4,0.0,0.0,0.0,10.4,78.33,15.14,22.3,25.13,34.6,62.75,65,1403-01-15
رضوانشهر,گیلان,2024-04-04,19.6,9.9,14.81,18.6,8.3,0.0,0.0,0.0,18.4,65.38,10.91,16.2,19.13,26.3,57.38,62,1403-01-16
رضوانشهر,گیلان,2024-04-05,17.3,9.0,13.32,18.0,7.1,0.0,0.0,0.0,7.5,72.83,9.22,12.5,16.02,22.4,51.92,54,1403-01-17
رضوانشهر,گیلان,2024-04-06,15.9,10.2,13.02,13.8,8.3,1.4,1.4,0.0,14.5,80.46,7.82,12.2,13.85,22.4,50.08,52,1403-01-18
رضوانشهر,گیلان,2024-04-07,15.6,9.5,12.62,14.0,7.4,0.8,0.8,0.0,15.1,73.21,12.91,30.9,36.36,89.2,48.54,55,1403-01-19
رضوانشهر,گیلان,2024-04-08,15.1,11.4,12.96,13.3,10.4,0.8,0.8,0.0,15.8,82.83,26.98,30.9,72.73,86.8,74.46,84,1403-01-20
رضوانشهر,گیلان,2024-04-09,16.8,9.5,13.39,16.2,8.7,0.8,0.8,0.0,7.4,84.12,24.0,29.7,68.84,83.8,82.33,84,1403-01-21
رضوانشهر,گیلان,2024-04-10,16.6,10.9,14.07,16.3,10.0,4.5,4.5,0.0,9.4,83.92,16.99,22.2,38.77,53.0,71.58,78,1403-01-22
رضوانشهر,گیلان,2024-04-11,16.2,12.8,14.46,14.6,11.3,17.8,17.8,0.0,18.1,82.58,19.98,30.2,49.18,95.9,66.08,71,1403-01-23
رضوانشهر,گیلان,2024-04-12,19.0,11.8,15.59,18.9,11.1,2.8,2.8,0.0,18.6,67.5,16.79,28.5,83.52,158.8,64.79,71,1403-01-24
رضوانشهر,گیلان,2024-04-13,17.8,8.4,12.96,19.0,6.6,0.0,0.0,0.0,7.7,78.38,17.75,19.8,83.17,114.6,69.5,72,1403-01-25
رضوانشهر,گیلان,2024-04-14,19.7,9.1,14.99,21.0,6.7,0.0,0.0,0.0,7.4,64.92,15.41,23.9,48.03,75.4,61.46,67,1403-01-26
رضوانشهر,گیلان,2024-04-15,18.3,10.3,14.72,18.8,9.1,0.0,0.0,0.0,11.2,77.12,19.81,27.2,55.75,84.8,66.25,70,1403-01-27
رضوانشهر,گیلان,2024-04-16,21.3,10.5,15.86,22.7,9.4,0.0,0.0,0.0,8.2,74.62,19.8,27.6,40.03,61.5,73.58,76,1403-01-28
رضوانشهر,گیلان,2024-04-17,22.0,11.0,17.39,25.1,9.4,0.0,0.0,0.0,7.6,71.58,18.2,25.0,36.95,50.2,74.04,99,1403-01-29
رضوانشهر,گیلان,2024-04-18,22.8,11.6,17.85,26.3,9.7,0.0,0.0,0.0,7.5,75.08,18.06,24.1,36.15,47.1,81.71,120,1403-01-30
رضوانشهر,گیلان,2024-04-19,22.9,14.5,19.34,24.7,13.7,0.0,0.0,0.0,8.4,73.58,19.42,25.4,35.2,43.2,81.0,124,1403-01-31
رضوانشهر,گیلان,2024-04-20,23.6,16.7,20.06,25.6,16.3,0.0,0.0,0.0,9.1,67.67,12.53,16.5,25.43,34.5,64.25,70,1403-02-01
رضوانشهر,گیلان,2024-04-21,23.7,15.2,20.12,26.6,14.5,0.0,0.0,0.0,7.4,71.79,13.34,19.0,37.17,60.8,57.83,66,1403-02-02
رضوانشهر,گیلان,2024-04-22,22.2,15.7,19.17,22.6,15.7,16.3,16.3,0.0,18.3,71.67,14.39,21.1,37.15,64.7,60.54,63,1403-02-03
رضوانشهر,گیلان,2024-04-23,23.8,15.5,19.36,22.9,15.0,0.0,0.0,0.0,6.9,63.88,15.53,21.5,49.97,75.4,60.46,63,1403-02-04
رضوانشهر,گیلان,2024-04-24,23.9,13.8,18.56,25.3,12.3,0.0,0.0,0.0,8.7,59.17,10.13,12.1,29.92,41.8,59.29,62,1403-02-05
رضوانشهر,گیلان,2024-04-25,24.5,11.5,18.67,25.8,8.5,0.0,0.0,0.0,8.7,50.42,10.68,19.4,23.25,44.4,60.58,96,1403-02-06
رضوانشهر,گیلان,2024-04-26,23.6,13.1,19.24,25.7,11.4,0.0,0.0,0.0,9.5,62.96,15.88,21.7,37.54,57.2,67.46,98,1403-02-07
رضوانشهر,گیلان,2024-04-27,23.7,13.6,19.28,25.8,12.4,0.0,0.0,0.0,9.7,71.96,17.01,22.9,45.55,59.8,70.88,97,1403-02-08
رضوانشهر,گیلان,2024-04-28,23.7,13.8,19.38,26.1,11.7,0.0,0.0,0.0,10.5,66.04,17.22,25.9,44.05,66.1,73.46,105,1403-02-09
رضوانشهر,گیلان,2024-04-29,24.4,14.5,20.03,27.0,14.0,0.0,0.0,0.0,10.0,69.88,16.33,21.5,49.45,59.8,71.54,92,1403-02-10
رضوانشهر,گیلان,2024-04-30,24.5,16.2,20.5,27.2,16.1,0.0,0.0,0.0,10.4,72.29,13.64,16.4,49.45,70.5,63.46,76,1403-02-11
رضوانشهر,گیلان,2024-05-01,22.6,16.0,19.47,22.8,15.3,0.0,0.0,0.0,14.1,70.92,13.28,14.7,45.21,57.0,59.33,60,1403-02-12
رضوانشهر,گیلان,2024-05-02,21.1,14.4,17.95,19.9,13.7,0.0,0.0,0.0,12.6,68.96,16.87,23.3,83.03,117.8,61.17,65,1403-02-13
رضوانشهر,گیلان,2024-05-03,20.3,13.7,16.91,20.1,13.1,1.6,1.6,0.0,17.2,68.25,16.57,24.2,87.28,106.6,68.54,72,1403-02-14
رضوانشهر,گیلان,2024-05-04,18.9,14.3,16.49,19.6,12.5,1.1,1.1,0.0,13.0,73.42,15.56,23.1,53.01,84.3,66.42,68,1403-02-15
رضوانشهر,گیلان,2024-05-05,24.4,13.8,19.13,26.8,13.8,0.0,0.0,0.0,12.3,79.71,13.18,15.9,36.25,56.6,58.75,62,1403-02-16
رضوانشهر,گیلان,2024-05-06,18.3,15.0,16.85,18.3,14.9,11.3,11.3,0.0,17.6,86.25,9.2,17.1,21.67,36.8,55.62,59,1403-02-17
رضوانشهر,گیلان,2024-05-07,18.3,14.4,15.9,17.8,14.3,3.1,3.1,0.0,15.6,84.54,8.75,16.4,19.47,38.1,43.67,50,1403-02-18
رضوانشهر,گیلان,2024-05-08,19.4,13.9,16.15,19.9,14.3,2.8,2.8,0.0,23.4,87.38,7.98,14.4,16.38,28.4,52.88,56,1403-02-19
رضوانشهر,گیلان,2024-05-09,20.1,14.0,17.01,21.7,14.1,1.8,1.8,0.0,9.6,84.5,6.5,13.9,14.79,33.5,43.46,47,1403-02-20
رضوانشهر,گیلان,2024-05-10,22.3,14.6,18.61,24.6,14.2,0.0,0.0,0.0,11.9,76.08,12.8,17.5,29.76,37.0,57.79,81,1403-02-21
رضوانشهر,گیلان,2024-05-11,23.1,15.0,19.58,26.5,15.8,0.0,0.0,0.0,6.4,81.67,16.4,18.8,32.46,38.2,67.5,92,1403-02-22
رضوانشهر,گیلان,2024-05-12,25.7,17.5,21.86,30.0,18.4,0.0,0.0,0.0,13.7,82.04,11.58,17.3,29.25,62.4,75.08,117,1403-02-23
رضوانشهر,گیلان,2024-05-13,18.8,15.7,17.28,19.0,16.4,7.7,7.7,0.0,18.1,84.54,7.98,18.3,28.07,57.5,47.58,55,1403-02-24
رضوانشهر,گیلان,2024-05-14,17.8,15.1,16.32,16.7,12.7,5.9,5.9,0.0,24.6,85.17,5.47,11.1,14.12,37.8,42.88,45,1403-02-25
رضوانشهر,گیلان,2024-05-15,17.0,14.4,16.02,17.5,13.7,2.0,2.0,0.0,11.4,86.62,11.72,14.3,39.32,49.4,49.5,55,1403-02-26
رضوانشهر,گیلان,2024-05-16,18.3,15.4,16.9,19.2,16.2,7.1,7.1,0.0,11.1,87.88,5.3,11.5,14.99,38.4,49.5,55,1403-02-27
رضوانشهر,گیلان,2024-05-17,18.7,13.5,15.95,19.0,12.8,13.3,13.3,0.0,21.3,87.79,3.97,5.7,9.83,17.0,39.58,44,1403-02-28
رضوانشهر,گیلان,2024-05-18,17.1,13.5,14.61,16.3,12.9,17.1,17.1,0.0,11.9,87.0,8.8,16.2,13.72,25.4,43.67,48,1403-02-29
رضوانشهر,گیلان,2024-05-19,19.3,11.8,16.41,19.2,11.2,0.8,0.8,0.0,10.8,82.62,11.75,14.2,19.84,25.4,54.67,57,1403-02-30
رضوانشهر,گیلان,2024-05-20,18.8,14.5,16.54,19.0,14.9,13.3,13.3,0.0,8.9,87.42,13.23,19.6,27.98,46.8,54.83,58,1403-02-31
رضوانشهر,گیلان,2024-05-21,17.4,14.6,15.91,18.4,14.6,16.0,16.0,0.0,5.9,89.54,12.82,17.6,28.48,46.0,57.88,59,1403-03-01
رضوانشهر,گیلان,2024-05-22,18.5,15.2,16.65,19.6,16.1,3.4,3.4,0.0,4.4,89.21,11.19,17.8,28.49,51.0,58.96,62,1403-03-02
رضوانشهر,گیلان,2024-05-23,21.5,15.7,18.11,23.1,16.6,0.8,0.8,0.0,10.5,83.58,9.1,11.2,21.73,26.9,48.33,54,1403-03-03
رضوانشهر,گیلان,2024-05-24,22.4,15.3,18.68,23.4,15.8,0.4,0.4,0.0,13.2,81.54,13.25,20.3,31.38,52.0,53.38,57,1403-03-04
رضوانشهر,گیلان,2024-05-25,18.9,14.9,17.26,19.9,15.6,6.6,6.6,0.0,9.8,87.75,13.83,19.9,33.58,51.0,60.62,62,1403-03-05
رضوانشهر,گیلان,2024-05-26,21.3,14.3,18.01,22.3,14.4,0.7,0.7,0.0,8.4,83.58,13.08,19.2,37.08,61.0,55.83,59,1403-03-06
رضوانشهر,گیلان,2024-05-27,22.9,15.9,19.83,25.4,16.6,0.1,0.1,0.0,9.7,81.0,23.55,33.1,68.73,113.2,65.38,76,1403-03-07
رضوانشهر,گیلان,2024-05-28,23.0,16.0,19.62,26.2,16.8,0.0,0.0,0.0,10.5,80.5,27.72,32.8,95.79,122.5,86.92,92,1403-03-08
رضوانشهر,گیلان,2024-05-29,23.5,17.2,20.22,27.1,17.8,0.0,0.0,0.0,10.1,80.67,23.26,30.6,55.97,89.4,77.08,85,1403-03-09
رضوانشهر,گیلان,2024-05-30,25.4,17.7,21.98,30.4,19.6,0.0,0.0,0.0,7.7,86.29,22.46,26.0,52.85,65.9,79.75,92,1403-03-10
رضوانشهر,گیلان,2024-05-31,28.9,19.3,24.45,36.2,21.4,0.0,0.0,0.0,8.0,82.21,21.21,26.6,46.75,65.0,95.88,150,1403-03-11
رضوانشهر,گیلان,2024-06-01,28.4,20.4,24.24,31.6,23.1,0.0,0.0,0.0,18.2,76.88,13.89,17.7,36.84,47.5,69.0,84,1403-03-12
رضوانشهر,گیلان,2024-06-02,26.5,18.9,23.04,29.1,20.4,0.1,0.1,0.0,11.8,70.17,15.03,20.0,37.87,58.9,65.71,83,1403-03-13
رضوانشهر,گیلان,2024-06-03,29.7,17.6,23.91,32.6,17.2,0.0,0.0,0.0,8.2,61.33,12.68,15.4,29.84,38.6,72.08,110,1403-03-14
رضوانشهر,گیلان,2024-06-04,28.5,17.9,23.55,31.9,17.0,0.0,0.0,0.0,8.2,62.25,11.69,15.4,40.68,63.1,59.71,78,1403-03-15
رضوانشهر,گیلان,2024-06-05,28.3,18.8,24.04,31.7,18.5,0.0,0.0,0.0,8.2,62.0,15.1,19.2,65.45,93.8,64.67,89,1403-03-16
رضوانشهر,گیلان,2024-06-06,29.2,19.4,24.8,33.5,19.7,0.0,0.0,0.0,7.9,64.04,17.71,21.8,58.95,69.4,86.67,142,1403-03-17
رضوانشهر,گیلان,2024-06-07,30.6,19.8,25.37,36.4,20.4,0.0,0.0,0.0,7.9,68.08,16.91,22.3,39.79,51.5,98.17,153,1403-03-18
رضوانشهر,گیلان,2024-06-08,27.5,21.6,24.48,31.3,22.5,0.2,0.2,0.0,11.9,71.33,13.12,18.8,31.62,41.8,69.92,116,1403-03-19
رضوانشهر,گیلان,2024-06-09,27.5,20.8,24.47,30.8,23.6,0.0,0.0,0.0,12.0,75.92,14.0,16.1,32.81,40.0,58.88,71,1403-03-20
رضوانشهر,گیلان,2024-06-10,27.6,21.2,24.58,32.1,23.5,0.2,0.2,0.0,12.3,80.04,12.07,13.7,31.68,40.0,58.12,60,1403-03-21
رضوانشهر,گیلان,2024-06-11,27.2,22.3,24.6,30.7,24.6,0.5,0.5,0.0,13.5,78.58,7.12,10.3,25.36,29.7,50.58,56,1403-03-22
رضوانشهر,گیلان,2024-06-12,27.7,21.4,25.06,30.8,24.3,0.0,0.0,0.0,15.2,71.08,18.57,23.7,74.16,105.2,54.46,69,1403-03-23
رضوانشهر,گیلان,2024-06-13,30.4,21.5,26.42,34.1,23.6,0.0,0.0,0.0,10.1,66.17,19.56,24.9,66.6,93.1,74.08,84,1403-03-24
رضوانشهر,گیلان,2024-06-14,28.1,22.5,25.23,32.6,23.8,1.0,1.0,0.0,17.5,70.54,16.64,19.2,62.87,81.3,65.25,70,1403-03-25
رضوانشهر,گیلان,2024-06-15,28.4,20.7,25.3,33.0,22.1,0.8,0.8,0.0,10.7,72.21,18.7,20.5,64.32,75.9,66.88,68,1403-03-26
رضوانشهر,گیلان,2024-06-16,29.4,21.7,26.05,34.5,24.1,0.0,0.0,0.0,10.0,74.67,18.55,20.4,48.54,55.9,77.25,104,1403-03-27
رضوانشهر,گیلان,2024-06-17,31.0,22.4,27.24,36.6,25.2,0.0,0.0,0.0,9.7,73.08,19.2,23.7,42.73,55.1,74.21,97,1403-03-28
رضوانشهر,گیلان,2024-06-18,31.2,23.3,27.34,37.7,25.0,0.0,0.0,0.0,11.0,77.12,21.28,25.4,49.48,61.0,71.25,73,1403-03-29
رضوانشهر,گیلان,2024-06-19,30.9,23.3,27.3,35.4,26.2,0.0,0.0,0.0,13.5,71.42,16.48,23.2,40.24,52.4,71.29,74,1403-03-30
رضوانشهر,گیلان,2024-06-20,31.6,22.7,27.29,35.8,24.6,0.0,0.0,0.0,9.1,66.67,10.3,15.0,23.24,33.6,58.33,64,1403-03-31
رضوانشهر,گیلان,2024-06-21,29.8,22.6,26.52,33.9,22.0,0.0,0.0,0.0,15.3,60.79,7.27,8.7,19.07,24.3,45.96,52,1403-04-01
رضوانشهر,گیلان,2024-06-22,26.4,23.1,24.75,28.6,25.5,0.9,0.9,0.0,17.6,76.62,11.2,16.8,27.02,41.1,44.5,54,1403-04-02
رضوانشهر,گیلان,2024-06-23,25.7,21.3,23.46,28.8,23.0,34.4,34.4,0.0,16.1,85.54,11.59,16.2,31.2,43.0,55.12,57,1403-04-03
رضوانشهر,گیلان,2024-06-24,28.2,22.0,25.01,32.1,25.4,0.1,0.1,0.0,7.6,80.38,14.72,17.4,39.95,50.2,57.96,61,1403-04-04
رضوانشهر,گیلان,2024-06-25,30.1,23.1,26.71,35.2,26.5,1.2,1.2,0.0,11.0,74.92,15.8,21.1,48.35,68.0,65.38,75,1403-04-05
رضوانشهر,گیلان,2024-06-26,30.7,22.5,26.47,35.3,24.7,5.9,5.9,0.0,18.5,72.67,13.59,19.4,38.68,61.5,72.29,106,1403-04-06
رضوانشهر,گیلان,2024-06-27,24.2,18.7,21.07,26.8,16.9,15.9,15.9,0.0,37.8,76.25,9.37,11.7,15.5,18.6,57.5,62,1403-04-07
رضوانشهر,گیلان,2024-06-28,24.1,17.8,21.3,26.0,18.6,6.2,6.2,0.0,10.5,80.0,7.0,8.7,11.45,14.3,45.54,51,1403-04-08
رضوانشهر,گیلان,2024-06-29,26.9,19.9,23.15,30.0,22.3,1.0,1.0,0.0,11.3,72.33,6.4,8.1,18.9,39.3,41.54,45,1403-04-09
رضوانشهر,گیلان,2024-06-30,25.6,20.3,23.3,27.1,20.9,0.0,0.0,0.0,9.8,68.08,8.54,11.4,32.51,45.4,44.62,47,1403-04-10
فومن,گیلان,2023-11-01,20.9,13.4,16.42,22.4,13.8,0.1,0.1,0.0,4.8,86.38,12.41,15.5,23.35,33.3,54.67,56,1402-08-10
فومن,گیلان,2023-11-02,23.1,14.2,17.76,25.5,14.8,0.0,0.0,0.0,9.0,92.08,18.15,30.3,33.43,61.2,59.83,67,1402-08-11
فومن,گیلان,2023-11-03,24.2,17.1,19.27,25.8,18.6,0.0,0.0,0.0,8.8,87.21,12.9,24.7,21.32,40.3,62.46,67,1402-08-12
فومن,گیلان,2023-11-04,18.1,15.8,17.15,20.0,16.8,52.9,52.9,0.0,11.2,96.79,8.38,11.2,14.84,23.7,56.12,59,1402-08-13
فومن,گیلان,2023-11-05,22.2,14.1,18.06,23.8,14.6,0.2,0.2,0.0,6.5,85.96,6.81,12.7,10.73,19.0,37.46,47,1402-08-14
فومن,گیلان,2023-11-06,21.9,14.0,16.6,23.9,14.5,0.0,0.0,0.0,6.6,89.0,6.05,13.8,9.16,20.1,36.58,38,1402-08-15
فومن,گیلان,2023-11-07,24.2,14.5,18.8,25.5,14.6,9.2,9.2,0.0,8.4,79.58,6.88,11.9,11.48,18.9,34.58,37,1402-08-16
فومن,گیلان,2023-11-08,20.3,15.4,17.26,21.7,15.9,4.8,4.8,0.0,8.2,86.29,5.85,10.3,8.98,15.3,37.71,43,1402-08-17
فومن,گیلان,2023-11-09,19.8,10.8,14.41,20.3,10.1,0.0,0.0,0.0,8.4,89.38,6.75,11.8,9.97,16.9,34.62,39,1402-08-18
فومن,گیلان,2023-11-10,18.5,12.7,15.88,19.2,12.1,8.6,8.6,0.0,9.4,92.71,3.58,6.4,5.4,10.3,32.79,37,1402-08-19
فومن,گیلان,2023-11-11,20.0,13.7,16.75,20.6,14.3,3.4,3.4,0.0,8.1,86.62,3.92,8.8,5.89,13.2,23.42,26,1402-08-20
فومن,گیلان,2023-11-12,19.6,12.4,14.78,21.5,12.5,0.0,0.0,0.0,6.3,93.33,9.29,20.1,15.42,31.9,34.42,51,1402-08-21
فومن,گیلان,2023-11-13,22.4,12.5,16.18,23.6,12.1,0.0,0.0,0.0,7.6,83.25,8.35,17.1,13.62,26.0,46.08,51,1402-08-22
فومن,گیلان,2023-11-14,22.7,14.0,17.24,24.1,14.2,0.0,0.0,0.0,8.9,90.17,7.6,13.3,12.28,20.8,48.04,51,1402-08-23
فومن,گیلان,2023-11-15,18.0,14.0,15.94,18.5,14.8,0.0,0.0,0.0,8.2,88.96,8.62,12.5,15.72,20.2,47.04,51,1402-08-24
فومن,گیلان,2023-11-16,25.1,12.5,17.79,27.1,12.4,0.0,0.0,0.0,10.2,85.96,5.57,8.5,8.98,13.4,40.54,48,1402-08-25
فومن,گیلان,2023-11-17,22.4,14.1,16.49,21.9,14.9,1.0,1.0,0.0,20.8,84.46,4.41,8.0,6.84,12.6,29.17,31,1402-08-26
فومن,گیلان,2023-11-18,16.5,11.8,13.78,16.4,11.1,0.0,0.0,0.0,9.2,92.0,5.65,10.2,8.49,14.6,24.71,31,1402-08-27
فومن,گیلان,2023-11-19,19.6,11.4,14.26,21.2,11.0,0.0,0.0,0.0,7.9,89.88,5.11,9.1,7.92,13.5,31.5,33,1402-08-28
فومن,گیلان,2023-11-20,26.4,13.1,18.97,27.6,11.0,0.3,0.3,0.0,25.4,51.96,4.48,7.5,6.71,11.3,27.29,29,1402-08-29
فومن,گیلان,2023-11-21,17.3,8.2,12.45,14.4,6.6,0.9,0.9,0.0,15.2,80.96,3.85,6.9,9.27,27.5,22.25,25,1402-08-30
فومن,گیلان,2023-11-22,16.7,5.5,11.1,15.6,3.2,0.0,0.0,0.0,8.4,77.33,7.58,10.9,11.54,20.8,35.88,44,1402-09-01
فومن,گیلان,2023-11-23,18.6,7.2,12.06,18.5,5.3,0.0,0.0,0.0,13.7,78.67,4.68,9.2,7.28,13.5,30.25,42,1402-09-02
فومن,گیلان,2023-11-24,17.0,10.7,13.19,17.0,9.3,0.0,0.0,0.0,9.4,81.92,7.3,12.0,10.8,17.5,35.58,42,1402-09-03
فومن,گیلان,2023-11-25,19.2,8.6,13.15,18.3,6.9,0.0,0.0,0.0,9.8,77.08,2.98,5.6,4.53,8.2,29.0,41,1402-09-04
فومن,گیلان,2023-11-26,25.5,10.8,18.11,23.9,8.0,0.0,0.0,0.0,18.9,49.33,4.94,8.4,7.5,13.1,21.96,32,1402-09-05
فومن,گیلان,2023-11-27,27.3,14.7,20.11,23.3,12.5,0.0,0.0,0.0,31.8,53.17,11.1,19.6,17.85,37.0,41.96,54,1402-09-06
فومن,گیلان,2023-11-28,15.4,10.5,12.28,15.3,9.1,5.9,5.9,0.0,14.0,89.25,3.05,5.6,4.7,8.1,42.5,54,1402-09-07
فومن,گیلان,2023-11-29,15.5,7.6,11.2,15.1,6.8,0.0,0.0,0.0,7.2,84.83,4.34,9.8,6.71,14.0,25.71,28,1402-09-08
فومن,گیلان,2023-11-30,15.9,7.4,10.63,15.9,6.2,0.0,0.0,0.0,5.5,86.83,5.39,10.5,8.77,15.5,27.67,31,1402-09-09
فومن,گیلان,2023-12-01,19.5,10.1,14.38,19.5,9.5,0.0,0.0,0.0,7.9,81.58,6.55,10.9,10.48,17.3,36.04,40,1402-09-10
فومن,گیلان,2023-12-02,16.1,8.4,11.3,15.7,7.2,0.0,0.0,0.0,5.5,84.79,4.41,10.2,6.7,14.9,27.46,36,1402-09-11
فومن,گیلان,2023-12-03,18.3,7.5,12.09,18.0,5.7,0.0,0.0,0.0,7.9,80.08,3.97,8.6,5.84,12.3,24.33,25,1402-09-12
فومن,گیلان,2023-12-04,18.1,6.8,12.13,17.9,4.7,0.0,0.0,0.0,8.0,85.62,3.49,9.0,5.06,13.0,21.71,24,1402-09-13
فومن,گیلان,2023-12-05,19.4,5.5,12.33,19.8,2.9,3.3,3.3,0.0,17.7,84.12,4.28,8.6,6.54,13.7,19.71,23,1402-09-14
فومن,گیلان,2023-12-06,15.3,9.4,11.51,15.2,8.8,1.0,1.0,0.0,8.4,91.96,7.49,14.3,11.52,21.4,35.38,43,1402-09-15
فومن,گیلان,2023-12-07,16.2,9.5,12.3,15.8,8.1,0.8,0.8,0.0,11.8,82.42,7.08,15.0,13.79,43.8,39.83,45,1402-09-16
فومن,گیلان,2023-12-08,15.2,12.3,13.45,14.4,11.5,4.2,4.2,0.0,11.7,91.58,2.48,5.1,3.93,10.1,28.08,39,1402-09-17
فومن,گیلان,2023-12-09,16.5,10.2,13.3,16.9,9.7,1.0,1.0,0.0,10.5,87.5,5.6,11.6,8.9,17.3,18.62,30,1402-09-18
فومن,گیلان,2023-12-10,24.3,9.9,15.28,22.1,8.8,0.0,0.0,0.0,18.9,76.0,11.36,19.6,20.37,44.0,45.33,55,1402-09-19
فومن,گیلان,2023-12-11,14.3,11.1,12.91,15.0,10.3,7.0,7.0,0.0,7.7,92.08,3.75,4.9,5.8,7.6,42.96,54,1402-09-20
فومن,گیلان,2023-12-12,13.6,10.6,11.77,13.6,10.0,0.0,0.0,0.0,9.6,93.04,4.11,8.2,6.01,11.8,19.46,22,1402-09-21
فومن,گیلان,2023-12-13,13.9,10.7,11.75,13.7,10.1,3.7,3.7,0.0,9.1,96.33,3.81,8.2,5.28,12.0,23.38,25,1402-09-22
فومن,گیلان,2023-12-14,11.5,9.9,10.77,10.0,8.1,46.7,46.7,0.0,21.7,94.58,1.18,2.2,2.25,7.7,21.62,25,1402-09-23
فومن,گیلان,2023-12-15,13.5,6.8,9.5,12.5,5.5,1.1,1.1,0.0,7.0,93.12,4.5,11.4,7.34,16.8,21.21,24,1402-09-24
فومن,گیلان,2023-12-16,13.4,6.5,8.92,13.0,4.8,0.0,0.0,0.0,7.3,94.5,6.63,12.3,10.04,17.9,31.88,37,1402-09-25
فومن,گیلان,2023-12-17,12.5,8.2,9.92,10.8,6.2,6.9,6.9,0.0,14.0,88.0,4.08,8.7,6.21,13.5,35.17,38,1402-09-26
فومن,گیلان,2023-12-18,8.7,5.8,7.12,7.0,2.1,10.8,10.8,0.0,20.1,88.92,2.39,7.6,3.87,12.5,26.79,33,1402-09-27
فومن,گیلان,2023-12-19,11.8,5.6,8.35,10.0,3.2,0.0,0.0,0.0,5.4,75.71,4.86,10.0,8.22,16.3,22.88,29,1402-09-28
فومن,گیلان,2023-12-20,12.4,4.6,7.76,11.1,1.8,0.0,0.0,0.0,7.2,76.33,8.58,12.2,14.56,19.3,39.17,47,1402-09-29
فومن,گیلان,2023-12-21,13.3,5.5,8.23,12.2,3.4,0.0,0.0,0.0,8.9,87.75,11.15,17.9,18.47,28.3,51.29,55,1402-09-30
فومن,گیلان,2023-12-22,19.2,5.6,12.55,15.7,3.5,0.3,0.3,0.0,25.0,64.62,7.54,12.7,13.62,24.3,48.08,54,1402-10-01
فومن,گیلان,2023-12-23,21.9,16.3,19.2,18.6,11.9,0.0,0.0,0.0,26.4,37.21,8.94,19.7,14.81,34.7,52.42,56,1402-10-02
فومن,گیلان,2023-12-24,20.1,8.9,15.79,20.6,6.2,0.0,0.0,0.0,29.3,65.79,1.88,3.4,2.92,6.3,26.92,50,1402-10-03
فومن,گیلان,2023-12-25,20.0,3.8,8.2,16.0,1.5,0.0,0.0,0.0,24.3,76.46,2.7,5.6,4.0,8.0,21.12,26,1402-10-04
فومن,گیلان,2023-12-26,18.0,6.3,11.62,18.1,3.5,0.0,0.0,0.0,11.0,76.0,3.04,5.8,4.68,8.6,19.71,29,1402-10-05
فومن,گیلان,2023-12-27,16.0,8.2,11.03,16.0,7.1,0.0,0.0,0.0,8.8,91.29,4.24,8.6,6.68,12.7,19.62,26,1402-10-06
فومن,گیلان,2023-12-28,16.9,9.3,11.34,16.1,7.3,9.5,9.5,0.0,15.1,88.96,2.61,4.5,4.09,7.1,24.96,29,1402-10-07
فومن,گیلان,2023-12-29,13.5,7.6,9.83,12.6,5.8,5.5,5.5,0.0,9.4,88.58,3.47,9.3,5.24,13.9,26.75,30,1402-10-08
فومن,گیلان,2023-12-30,12.9,5.0,7.8,12.3,3.3,0.0,0.0,0.0,6.1,90.08,5.91,11.1,9.04,16.2,27.21,33,1402-10-09
فومن,گیلان,2023-12-31,12.6,5.6,8.43,12.2,3.6,0.0,0.0,0.0,5.4,90.54,6.52,14.1,10.81,21.3,32.67,36,1402-10-10
فومن,گیلان,2024-01-01,14.7,8.2,10.95,13.6,7.3,0.5,0.5,0.0,4.9,86.08,8.82,13.9,14.17,20.8,43.62,48,1402-10-11
فومن,گیلان,2024-01-02,13.3,6.3,9.11,12.2,4.9,0.0,0.0,0.0,7.2,91.62,7.85,14.3,12.19,21.5,47.71,51,1402-10-12
فومن,گیلان,2024-01-03,16.7,6.3,9.84,17.3,3.8,0.0,0.0,0.0,14.2,85.96,6.2,14.2,9.85,24.9,35.75,44,1402-10-13
فومن,گیلان,2024-01-04,13.1,7.2,9.22,11.8,5.0,0.0,0.0,0.0,9.6,89.12,7.07,14.1,11.55,24.9,46.38,51,1402-10-14
فومن,گیلان,2024-01-05,19.6,9.4,13.06,15.8,6.8,0.0,0.0,0.0,19.1,71.83,2.94,5.8,4.46,9.1,26.25,39,1402-10-15
فومن,گیلان,2024-01-06,14.6,4.9,10.65,12.4,2.4,7.1,7.1,0.0,14.0,79.0,3.33,6.8,5.09,10.4,20.33,27,1402-10-16
فومن,گیلان,2024-01-07,15.3,4.2,8.7,12.9,1.8,0.0,0.0,0.0,11.2,73.25,5.98,9.4,9.9,15.3,26.58,33,1402-10-17
فومن,گیلان,2024-01-08,13.9,5.9,10.19,11.6,3.7,0.0,0.0,0.0,11.7,71.88,5.29,8.3,8.46,12.7,32.08,34,1402-10-18
فومن,گیلان,2024-01-09,22.6,5.5,13.72,20.9,2.6,0.0,0.0,0.0,16.9,56.79,3.93,5.3,6.43,12.6,26.33,29,1402-10-19
فومن,گیلان,2024-01-10,12.0,5.9,8.1,10.6,3.7,9.0,9.0,0.0,15.9,93.0,4.5,8.2,7.38,12.7,22.54,25,1402-10-20
فومن,گیلان,2024-01-11,9.2,3.8,7.07,7.2,1.9,5.0,5.0,0.0,11.7,95.92,2.92,4.8,4.58,7.6,23.0,25,1402-10-21
فومن,گیلان,2024-01-12,12.0,2.7,6.44,11.1,0.5,0.0,0.0,0.0,8.4,96.21,6.38,9.1,12.27,16.8,25.58,36,1402-10-22
فومن,گیلان,2024-01-13,11.9,1.6,6.59,8.6,-0.6,19.7,13.1,4.62,27.2,85.54,1.54,3.0,2.49,4.7,26.79,35,1402-10-23
فومن,گیلان,2024-01-14,3.2,1.2,2.14,1.0,-1.3,18.1,11.2,4.83,9.1,94.08,1.4,3.2,2.05,4.7,27.54,31,1402-10-24
فومن,گیلان,2024-01-15,2.0,0.2,0.92,-0.5,-2.4,0.0,0.0,0.0,6.4,96.88,7.36,12.5,14.98,23.5,24.92,39,1402-10-25
فومن,گیلان,2024-01-16,8.7,1.0,3.86,6.8,-1.4,0.0,0.0,0.0,5.5,92.12,9.01,13.9,21.62,28.8,46.83,50,1402-10-26
فومن,گیلان,2024-01-17,16.5,3.0,8.7,15.7,0.6,0.0,0.0,0.0,10.2,77.29,10.43,16.1,18.06,23.9,51.46,53,1402-10-27
فومن,گیلان,2024-01-18,11.3,7.4,9.38,10.2,5.9,0.9,0.9,0.0,8.5,90.88,7.5,15.8,11.28,23.7,51.46,54,1402-10-28
فومن,گیلان,2024-01-19,12.1,5.4,7.75,10.8,3.8,0.0,0.0,0.0,9.0,92.04,6.86,14.8,11.14,23.2,30.96,42,1402-10-29
فومن,گیلان,2024-01-20,12.1,5.9,8.38,11.7,4.1,0.0,0.0,0.0,7.1,85.29,8.95,15.4,15.45,24.8,47.12,51,1402-10-30
فومن,گیلان,2024-01-21,18.8,5.7,10.86,17.7,3.9,0.2,0.2,0.0,10.6,79.54,7.62,12.3,13.34,19.8,44.29,50,1402-11-01
فومن,گیلان,2024-01-22,10.8,6.0,9.12,9.2,3.1,10.8,10.8,0.0,15.1,95.04,1.84,7.9,2.87,12.6,33.79,43,1402-11-02
فومن,گیلان,2024-01-23,6.8,4.2,5.57,4.6,1.5,6.6,6.6,0.0,12.3,93.38,0.65,1.7,0.99,2.5,24.21,27,1402-11-03
فومن,گیلان,2024-01-24,4.1,0.7,2.38,1.7,-2.3,22.8,13.9,6.23,13.9,97.96,0.72,1.4,1.04,2.0,26.46,30,1402-11-04
فومن,گیلان,2024-01-25,6.4,-0.1,2.31,4.2,-2.8,0.0,0.0,0.0,6.3,89.21,5.74,14.6,9.97,24.9,26.42,30,1402-11-05
فومن,گیلان,2024-01-26,7.0,-1.5,2.52,5.3,-4.1,0.0,0.0,0.0,6.1,91.88,7.8,13.8,24.7,38.5,39.42,43,1402-11-06
فومن,گیلان,2024-01-27,9.9,2.0,5.43,8.4,-0.1,0.0,0.0,0.0,5.2,92.12,13.12,18.9,35.75,44.9,53.0,59,1402-11-07
فومن,گیلان,2024-01-28,10.2,5.0,7.18,8.5,2.3,2.1,2.1,0.0,11.4,86.25,4.15,8.9,8.04,15.1,45.21,58,1402-11-08
فومن,گیلان,2024-01-29,9.5,3.4,6.5,6.1,0.7,7.4,7.4,0.0,19.1,89.58,3.79,7.6,7.76,13.6,25.33,29,1402-11-09
فومن,گیلان,2024-01-30,6.3,3.4,4.76,2.5,-0.1,36.1,36.1,0.0,17.9,96.17,0.81,2.4,1.21,4.0,26.83,30,1402-11-10
فومن,گیلان,2024-01-31,6.8,4.5,5.4,4.5,2.2,5.4,5.4,0.0,7.6,94.17,2.31,4.9,3.4,7.3,28.17,33,1402-11-11
فومن,گیلان,2024-02-01,6.7,5.2,5.94,5.1,3.2,5.5,5.5,0.0,8.2,93.25,3.5,7.5,5.38,11.8,22.71,28,1402-11-12
فومن,گیلان,2024-02-02,6.7,4.6,5.93,5.0,2.3,10.1,10.1,0.0,13.6,93.46,10.21,19.4,17.54,33.5,31.67,52,1402-11-13
فومن,گیلان,2024-02-03,12.9,0.3,5.76,10.6,-2.2,0.0,0.0,0.0,9.7,82.62,11.08,19.4,23.77,43.3,53.25,54,1402-11-14
فومن,گیلان,2024-02-04,14.7,3.6,7.86,13.7,0.7,0.0,0.0,0.0,10.0,75.71,9.64,14.8,21.5,33.6,56.12,59,1402-11-15
فومن,گیلان,2024-02-05,18.2,5.4,11.16,15.2,2.7,0.0,0.0,0.0,19.5,61.5,4.31,7.2,8.2,16.0,41.46,51,1402-11-16
فومن,گیلان,2024-02-06,21.8,6.9,13.9,19.4,4.9,0.0,0.0,0.0,21.3,55.33,4.12,10.2,6.43,16.1,31.75,39,1402-11-17
فومن,گیلان,2024-02-07,19.2,5.2,11.55,17.6,3.2,0.0,0.0,0.0,13.7,78.33,6.4,12.2,9.52,17.9,30.29,35,1402-11-18
فومن,گیلان,2024-02-08,19.3,5.6,11.1,18.2,3.6,0.0,0.0,0.0,9.4,77.04,8.19,9.8,12.28,14.5,45.12,51,1402-11-19
فومن,گیلان,2024-02-09,19.6,7.4,12.92,18.6,5.2,0.0,0.0,0.0,8.2,60.88,9.9,16.9,15.67,26.3,43.62,51,1402-11-20
فومن,گیلان,2024-02-10,19.7,10.5,14.1,18.5,8.5,0.0,0.0,0.0,7.2,56.0,10.45,17.2,17.07,26.4,52.5,53,1402-11-21
فومن,گیلان,2024-02-11,18.5,9.8,13.0,17.7,7.4,0.0,0.0,0.0,6.9,62.5,10.69,14.9,30.02,62.9,52.96,54,1402-11-22
فومن,گیلان,2024-02-12,19.2,7.9,12.36,18.9,6.2,0.0,0.0,0.0,7.4,71.08,11.89,20.5,25.04,43.4,53.46,56,1402-11-23
فومن,گیلان,2024-02-13,17.6,4.6,9.98,17.1,2.0,0.0,0.0,0.0,8.4,84.46,7.32,15.9,14.41,26.8,51.42,55,1402-11-24
فومن,گیلان,2024-02-14,18.9,7.6,12.2,17.4,6.1,0.0,0.0,0.0,10.5,81.21,9.72,17.8,18.28,32.7,43.46,51,1402-11-25
فومن,گیلان,2024-02-15,11.2,8.7,9.74,10.3,7.3,2.1,2.1,0.0,11.6,97.62,9.99,16.5,18.12,39.2,54.58,57,1402-11-26
فومن,گیلان,2024-02-16,9.4,6.5,8.22,7.7,4.8,10.8,10.8,0.0,13.8,95.04,1.68,3.4,2.92,5.9,35.25,52,1402-11-27
فومن,گیلان,2024-02-17,7.0,5.5,6.24,5.6,3.3,21.7,21.7,0.0,7.5,92.25,0.49,1.3,0.86,3.7,27.38,29,1402-11-28
فومن,گیلان,2024-02-18,8.2,5.3,6.36,5.3,3.0,9.7,9.7,0.0,12.9,89.96,1.08,7.4,1.67,12.0,27.92,31,1402-11-29
فومن,گیلان,2024-02-19,11.2,4.7,7.42,9.4,2.9,0.9,0.9,0.0,6.8,84.79,5.16,11.9,8.8,25.6,28.62,33,1402-11-30
فومن,گیلان,2024-02-20,13.2,2.9,8.21,11.6,0.2,0.0,0.0,0.0,10.4,78.96,8.05,11.8,13.88,20.5,40.96,46,1402-12-01
فومن,گیلان,2024-02-21,12.8,5.3,9.15,11.0,3.6,0.1,0.1,0.0,9.4,86.0,6.81,9.2,11.16,13.8,41.67,45,1402-12-02
فومن,گیلان,2024-02-22,11.9,6.3,8.84,9.8,4.9,0.5,0.5,0.0,10.1,87.38,5.8,7.7,10.34,15.3,35.38,38,1402-12-03
فومن,گیلان,2024-02-23,12.0,5.4,8.04,10.2,3.8,2.5,2.5,0.0,15.0,91.25,6.34,12.1,10.71,20.8,34.62,39,1402-12-04
فومن,گیلان,2024-02-24,7.5,5.1,6.63,5.5,2.0,17.4,17.4,0.0,15.9,94.54,0.54,1.5,0.76,2.1,29.42,35,1402-12-05
فومن,گیلان,2024-02-25,4.9,1.0,3.23,1.8,-3.3,40.0,27.9,8.47,18.3,95.62,2.45,7.9,3.85,12.0,32.42,35,1402-12-06
فومن,گیلان,2024-02-26,2.2,0.4,1.25,-0.7,-3.4,14.1,2.4,8.19,13.5,85.96,3.57,5.4,5.32,7.6,35.08,37,1402-12-07
فومن,گیلان,2024-02-27,6.3,0.1,2.42,3.6,-2.9,6.8,3.4,2.38,6.0,81.29,6.49,15.5,10.48,24.4,36.88,42,1402-12-08
فومن,گیلان,2024-02-28,4.7,0.4,2.36,1.7,-2.7,8.2,6.0,1.54,10.2,91.46,10.9,21.5,17.19,32.9,48.88,53,1402-12-09
فومن,گیلان,2024-02-29,9.6,-2.1,2.97,6.7,-5.5,0.3,0.1,0.14,12.4,73.46,12.08,24.8,19.74,39.5,52.46,56,1402-12-10
فومن,گیلان,2024-03-01,11.2,-0.4,5.35,8.8,-3.4,0.0,0.0,0.0,9.4,55.54,12.61,27.4,20.34,42.5,56.62,58,1402-12-11
فومن,گیلان,2024-03-02,11.6,0.1,5.64,9.8,-3.1,0.0,0.0,0.0,8.0,68.5,14.96,23.9,23.76,35.9,59.83,63,1402-12-12
فومن,گیلان,2024-03-03,12.3,2.5,7.56,10.5,0.1,0.0,0.0,0.0,7.1,76.08,13.49,23.2,20.95,35.2,62.62,65,1402-12-13
فومن,گیلان,2024-03-04,10.4,6.4,8.52,8.8,4.3,2.2,2.2,0.0,7.9,84.83,11.04,19.5,19.01,34.5,54.33,58,1402-12-14
فومن,گیلان,2024-03-05,14.1,5.4,9.18,12.5,3.3,0.0,0.0,0.0,7.9,80.92,17.22,33.6,34.33,66.6,56.29,65,1402-12-15
فومن,گیلان,2024-03-06,17.6,4.1,8.77,16.3,1.9,0.0,0.0,0.0,12.1,84.62,19.26,27.3,45.51,58.4,72.08,78,1402-12-16
فومن,گیلان,2024-03-07,20.1,5.5,10.15,19.8,3.5,0.0,0.0,0.0,17.1,83.08,12.91,17.8,49.87,87.1,61.5,69,1402-12-17
فومن,گیلان,2024-03-08,11.7,7.0,9.07,10.2,5.1,3.1,3.1,0.0,10.9,91.58,8.15,14.4,26.64,58.0,54.92,59,1402-12-18
فومن,گیلان,2024-03-09,15.4,7.1,9.84,14.3,5.5,0.0,0.0,0.0,11.5,89.54,12.08,15.8,21.79,28.0,50.21,56,1402-12-19
فومن,گیلان,2024-03-10,13.8,7.0,9.14,13.2,4.8,5.9,5.9,0.0,17.4,92.25,6.65,11.8,12.58,27.4,51.0,56,1402-12-20
فومن,گیلان,2024-03-11,11.9,6.6,8.97,10.6,5.3,2.4,2.4,0.0,8.9,88.71,2.88,8.1,4.88,12.1,32.96,37,1402-12-21
فومن,گیلان,2024-03-12,12.7,5.2,9.29,11.0,2.7,15.2,15.2,0.0,8.1,88.42,7.78,16.5,11.8,24.3,28.75,42,1402-12-22
فومن,گیلان,2024-03-13,12.1,3.6,8.22,10.4,1.6,0.8,0.8,0.0,8.2,89.25,11.1,14.4,17.36,23.3,51.88,57,1402-12-23
فومن,گیلان,2024-03-14,14.6,5.3,10.13,13.3,3.6,0.0,0.0,0.0,11.6,84.5,10.62,16.2,16.85,24.6,52.08,54,1402-12-24
فومن,گیلان,2024-03-15,13.8,5.0,7.99,13.0,3.2,0.0,0.0,0.0,5.9,91.88,15.08,20.3,28.0,58.1,58.38,62,1402-12-25
فومن,گیلان,2024-03-16,12.5,5.9,8.55,10.4,4.3,1.3,1.3,0.0,14.8,95.54,16.0,32.2,35.22,91.7,60.5,63,1402-12-26
فومن,گیلان,2024-03-17,13.2,6.2,9.21,12.5,4.4,0.0,0.0,0.0,7.6,92.21,19.17,29.2,40.65,73.3,64.17,69,1402-12-27
فومن,گیلان,2024-03-18,14.0,7.9,9.85,14.1,6.6,5.6,5.6,0.0,8.0,94.29,16.64,28.9,34.95,79.6,70.54,73,1402-12-28
فومن,گیلان,2024-03-19,11.7,8.2,9.27,10.4,6.8,31.2,31.2,0.0,12.9,98.0,5.19,8.7,8.06,14.5,52.0,64,1402-12-29
فومن,گیلان,2024-03-20,10.2,6.3,8.01,8.4,4.7,2.1,2.1,0.0,11.6,95.88,3.35,9.3,5.32,17.8,25.08,31,1403-01-01
فومن,گیلان,2024-03-21,13.0,6.3,9.31,11.6,4.9,0.2,0.2,0.0,10.8,94.67,7.68,14.1,13.08,29.8,29.12,42,1403-01-02
فومن,گیلان,2024-03-22,13.9,8.0,9.92,13.1,6.9,0.0,0.0,0.0,12.1,93.67,7.93,12.3,13.25,21.9,46.88,49,1403-01-03
فومن,گیلان,2024-03-23,13.6,7.1,9.72,12.8,5.5,0.0,0.0,0.0,10.3,92.33,8.4,12.9,15.1,26.0,43.08,46,1403-01-04
فومن,گیلان,2024-03-24,12.3,7.6,9.43,11.1,6.2,2.6,2.6,0.0,11.7,95.42,6.66,11.6,11.44,21.6,48.08,51,1403-01-05
فومن,گیلان,2024-03-25,9.7,7.4,8.68,8.4,6.1,2.5,2.5,0.0,8.6,97.29,3.92,6.8,7.17,14.5,27.75,37,1403-01-06
فومن,گیلان,2024-03-26,24.3,6.9,15.05,24.4,5.2,0.0,0.0,0.0,25.4,64.08,7.52,13.7,16.4,38.0,33.29,48,1403-01-07
فومن,گیلان,2024-03-27,14.0,7.3,10.23,12.9,5.5,0.0,0.0,0.0,12.2,73.04,5.85,10.3,9.99,17.4,40.92,46,1403-01-08
فومن,گیلان,2024-03-28,18.4,7.3,12.37,18.0,5.6,0.0,0.0,0.0,10.8,70.08,12.52,24.9,23.32,49.9,48.96,57,1403-01-09
فومن,گیلان,2024-03-29,20.2,5.6,12.81,21.3,3.7,0.0,0.0,0.0,8.8,78.96,12.44,19.9,19.35,29.8,55.96,69,1403-01-10
فومن,گیلان,2024-03-30,20.1,7.2,13.02,20.6,5.8,0.1,0.1,0.0,8.3,74.17,15.32,23.3,22.82,34.6,58.04,62,1403-01-11
فومن,گیلان,2024-03-31,20.2,8.5,13.84,21.0,6.3,0.0,0.0,0.0,11.1,75.83,17.26,20.4,31.79,46.3,66.25,68,1403-01-12
فومن,گیلان,2024-04-01,20.7,10.8,14.4,21.0,10.0,0.0,0.0,0.0,11.7,81.33,12.95,19.9,22.99,30.5,63.0,66,1403-01-13
فومن,گیلان,2024-04-02,21.8,8.8,14.37,23.2,8.0,0.0,0.0,0.0,9.2,82.46,12.7,20.9,20.67,32.5,54.46,57,1403-01-14
فومن,گیلان,2024-04-03,21.8,8.2,14.07,23.7,7.1,0.0,0.0,0.0,12.5,85.42,13.92,18.2,21.35,29.5,59.88,69,1403-01-15
فومن,گیلان,2024-04-04,21.5,8.7,13.48,21.2,6.0,0.0,0.0,0.0,14.8,75.04,8.74,16.6,14.27,26.4,54.46,59,1403-01-16
فومن,گیلان,2024-04-05,19.9,8.5,13.57,20.5,6.2,0.0,0.0,0.0,11.9,71.17,11.05,17.0,16.48,26.1,51.12,53,1403-01-17
فومن,گیلان,2024-04-06,15.8,9.1,12.86,14.4,8.2,1.5,1.5,0.0,10.4,82.71,11.29,15.0,20.07,30.5,56.21,58,1403-01-18
فومن,گیلان,2024-04-07,17.1,10.2,13.57,16.3,8.8,1.5,1.5,0.0,13.7,75.62,10.68,17.1,23.67,41.7,51.75,54,1403-01-19
فومن,گیلان,2024-04-08,15.9,12.2,13.55,14.8,11.1,7.5,7.5,0.0,13.4,83.58,15.08,20.1,34.24,46.0,58.67,62,1403-01-20
فومن,گیلان,2024-04-09,19.4,10.8,14.68,18.7,10.3,0.9,0.9,0.0,11.2,81.71,15.94,19.4,36.15,43.2,61.21,63,1403-01-21
فومن,گیلان,2024-04-10,17.8,10.2,13.78,17.5,10.0,4.2,4.2,0.0,8.1,85.75,13.81,17.9,25.88,38.5,62.62,64,1403-01-22
فومن,گیلان,2024-04-11,15.1,11.6,13.25,15.4,9.8,16.3,16.3,0.0,15.6,94.96,15.66,29.3,29.01,65.0,55.96,62,1403-01-23
فومن,گیلان,2024-04-12,19.7,11.6,14.77,19.8,10.5,7.4,7.4,0.0,11.4,79.96,12.66,19.6,39.91,86.6,62.46,66,1403-01-24
فومن,گیلان,2024-04-13,20.8,7.9,14.1,21.4,6.9,0.1,0.1,0.0,11.1,77.5,13.37,16.9,31.23,56.3,59.0,60,1403-01-25
فومن,گیلان,2024-04-14,23.0,7.5,14.52,24.5,6.5,0.0,0.0,0.0,10.7,75.54,11.62,20.2,22.9,36.6,55.17,60,1403-01-26
فومن,گیلان,2024-04-15,21.3,8.9,15.03,22.8,7.8,0.0,0.0,0.0,12.3,82.04,17.97,26.6,35.44,54.2,60.33,66,1403-01-27
فومن,گیلان,2024-04-16,23.9,10.0,16.91,25.8,9.2,0.0,0.0,0.0,11.5,77.33,18.35,27.5,31.69,43.5,70.96,73,1403-01-28
فومن,گیلان,2024-04-17,25.3,11.6,17.72,28.0,11.8,0.0,0.0,0.0,10.8,82.5,14.72,23.8,27.29,41.4,67.12,92,1403-01-29
فومن,گیلان,2024-04-18,25.8,12.0,17.95,29.4,12.3,0.0,0.0,0.0,11.0,82.88,15.65,24.4,27.55,41.9,74.33,117,1403-01-30
فومن,گیلان,2024-04-19,26.0,12.8,18.69,29.3,13.3,0.0,0.0,0.0,10.1,81.46,16.8,26.5,27.56,43.2,79.38,130,1403-01-31
فومن,گیلان,2024-04-20,26.2,13.8,19.58,29.1,14.5,0.0,0.0,0.0,8.8,76.46,10.36,15.1,21.91,31.4,63.79,77,1403-02-01
فومن,گیلان,2024-04-21,25.6,13.8,19.23,28.1,13.3,0.0,0.0,0.0,9.4,73.33,14.62,23.3,33.22,56.0,59.33,82,1403-02-02
فومن,گیلان,2024-04-22,22.5,16.5,18.95,24.1,15.9,28.1,28.1,0.0,12.1,79.46,15.47,24.2,36.17,71.2,63.46,66,1403-02-03
فومن,گیلان,2024-04-23,23.3,14.8,18.26,22.8,15.0,1.4,1.4,0.0,11.1,75.62,16.6,22.4,40.35,70.5,63.5,64,1403-02-04
فومن,گیلان,2024-04-24,25.8,14.5,19.58,26.6,14.0,0.0,0.0,0.0,11.1,59.79,10.0,15.6,23.25,37.1,59.79,65,1403-02-05
فومن,گیلان,2024-04-25,27.5,14.0,19.92,28.1,12.6,0.0,0.0,0.0,10.3,56.25,8.03,17.3,14.66,28.8,49.75,76,1403-02-06
فومن,گیلان,2024-04-26,27.3,11.9,19.06,30.0,12.0,0.0,0.0,0.0,12.4,77.46,11.33,19.6,21.95,34.7,60.42,97,1403-02-07
فومن,گیلان,2024-04-27,27.6,14.5,20.25,30.3,15.9,0.0,0.0,0.0,11.6,77.17,13.71,21.2,29.64,43.2,63.38,89,1403-02-08
فومن,گیلان,2024-04-28,27.3,12.7,20.26,29.9,12.7,0.0,0.0,0.0,13.1,70.58,13.62,22.6,28.8,46.0,68.04,104,1403-02-09
فومن,گیلان,2024-04-29,28.4,12.8,20.3,31.4,13.0,0.0,0.0,0.0,14.7,74.42,14.49,20.0,33.85,50.6,69.21,105,1403-02-10
فومن,گیلان,2024-04-30,27.8,14.6,20.34,30.7,15.7,0.0,0.0,0.0,11.4,73.54,13.41,18.6,31.75,51.8,66.58,95,1403-02-11
فومن,گیلان,2024-05-01,25.7,15.0,20.05,27.1,15.2,0.0,0.0,0.0,11.0,70.42,14.71,17.9,38.8,56.0,61.5,63,1403-02-12
فومن,گیلان,2024-05-02,23.2,13.8,18.19,22.7,14.3,0.2,0.2,0.0,10.2,74.75,16.27,20.8,45.32,70.8,60.58,64,1403-02-13
فومن,گیلان,2024-05-03,24.6,13.2,17.27,25.8,11.6,0.1,0.1,0.0,15.5,71.25,14.82,19.8,43.35,63.1,63.88,65,1403-02-14
فومن,گیلان,2024-05-04,21.8,12.1,15.83,21.7,10.9,0.0,0.0,0.0,12.0,77.25,14.6,18.5,34.12,54.5,61.08,63,1403-02-15
فومن,گیلان,2024-05-05,29.6,11.5,19.4,31.9,11.1,0.0,0.0,0.0,16.6,73.75,11.0,16.3,23.62,48.2,58.08,67,1403-02-16
فومن,گیلان,2024-05-06,20.2,15.2,17.44,20.8,16.1,6.6,6.6,0.0,12.1,89.21,5.7,10.0,9.8,16.6,49.42,54,1403-02-17
فومن,گیلان,2024-05-07,20.0,13.7,16.15,19.8,14.5,3.8,3.8,0.0,11.5,88.29,3.2,6.9,5.72,13.4,38.92,41,1403-02-18
فومن,گیلان,2024-05-08,20.4,12.9,15.98,21.7,13.1,22.7,22.7,0.0,13.4,91.88,7.87,13.4,18.08,46.3,36.29,48,1403-02-19
فومن,گیلان,2024-05-09,21.7,14.2,17.58,23.7,14.9,47.7,47.7,0.0,7.2,84.67,5.9,14.2,11.32,31.1,40.46,47,1403-02-20
فومن,گیلان,2024-05-10,25.4,13.4,18.6,28.0,14.1,0.0,0.0,0.0,15.7,83.29,10.82,18.2,19.2,29.2,51.79,73,1403-02-21
فومن,گیلان,2024-05-11,27.1,14.7,19.94,30.9,15.4,0.0,0.0,0.0,11.1,82.92,15.93,21.9,26.06,34.5,75.46,122,1403-02-22
فومن,گیلان,2024-05-12,28.9,15.5,21.47,33.5,16.5,0.0,0.0,0.0,12.7,82.17,13.05,23.6,29.39,75.0,63.75,88,1403-02-23
فومن,گیلان,2024-05-13,19.1,15.4,17.03,20.4,15.4,5.5,5.5,0.0,14.7,90.33,3.65,6.5,8.25,16.9,48.75,58,1403-02-24
فومن,گیلان,2024-05-14,19.8,15.2,16.84,20.0,14.7,5.1,5.1,0.0,16.9,88.12,2.31,4.3,4.68,10.4,32.71,34,1403-02-25
فومن,گیلان,2024-05-15,20.1,14.8,16.91,20.8,15.3,9.3,9.3,0.0,11.2,88.62,5.73,9.0,13.72,22.5,34.71,36,1403-02-26
فومن,گیلان,2024-05-16,19.8,15.8,17.46,21.2,16.9,17.8,17.8,0.0,9.4,92.71,3.87,7.1,7.72,18.0,34.46,36,1403-02-27
فومن,گیلان,2024-05-17,20.8,14.0,16.56,21.5,13.7,24.1,24.1,0.0,17.3,91.75,2.4,4.6,5.24,12.8,28.67,37,1403-02-28
فومن,گیلان,2024-05-18,17.9,13.9,15.3,18.2,13.8,19.9,19.9,0.0,11.0,90.96,6.1,11.6,9.09,16.9,38.21,42,1403-02-29
فومن,گیلان,2024-05-19,22.1,13.8,17.65,23.3,14.6,2.5,2.5,0.0,7.6,79.62,9.77,13.3,15.26,20.5,48.96,53,1403-02-30
فومن,گیلان,2024-05-20,19.7,15.4,17.0,20.6,15.8,12.3,12.3,0.0,10.3,89.46,7.98,12.5,14.0,26.7,46.12,51,1403-02-31
فومن,گیلان,2024-05-21,17.9,15.2,16.44,18.9,16.2,15.4,15.4,0.0,6.6,93.0,9.17,16.3,17.54,32.1,46.17,50,1403-03-01
فومن,گیلان,2024-05-22,19.0,15.4,16.75,20.6,16.7,18.3,18.3,0.0,4.5,94.04,8.64,13.4,18.15,30.5,52.38,55,1403-03-02
فومن,گیلان,2024-05-23,23.2,15.9,19.19,26.1,17.5,1.9,1.9,0.0,8.2,83.25,6.16,11.1,11.34,18.9,42.58,48,1403-03-03
فومن,گیلان,2024-05-24,24.2,15.8,19.86,26.6,17.2,1.9,1.9,0.0,8.0,82.92,10.47,14.5,19.1,27.4,46.83,53,1403-03-04
فومن,گیلان,2024-05-25,21.3,16.2,18.42,22.5,17.3,9.5,9.5,0.0,10.0,87.17,8.52,10.7,15.92,20.1,51.21,53,1403-03-05
فومن,گیلان,2024-05-26,22.0,14.9,18.88,24.3,15.7,0.2,0.2,0.0,9.9,83.96,9.9,15.7,19.27,32.6,44.83,51,1403-03-06
فومن,گیلان,2024-05-27,25.1,15.1,20.64,27.6,15.9,0.0,0.0,0.0,9.6,79.17,19.92,30.4,42.22,63.8,59.33,69,1403-03-07
فومن,گیلان,2024-05-28,26.3,17.5,21.15,30.4,19.0,0.0,0.0,0.0,8.9,76.92,25.09,30.4,60.19,76.4,79.42,83,1403-03-08
فومن,گیلان,2024-05-29,27.2,15.5,21.05,31.1,16.4,0.0,0.0,0.0,7.4,82.79,20.75,29.1,37.89,61.9,75.88,85,1403-03-09
فومن,گیلان,2024-05-30,28.0,17.6,22.32,32.7,19.9,0.0,0.0,0.0,8.1,86.71,19.76,24.3,38.74,56.1,82.88,120,1403-03-10
فومن,گیلان,2024-05-31,30.8,18.4,24.62,37.5,20.9,0.0,0.0,0.0,7.0,83.96,17.97,24.4,35.98,52.5,93.29,153,1403-03-11
فومن,گیلان,2024-06-01,28.2,19.0,23.54,33.0,22.1,0.0,0.0,0.0,11.4,80.46,13.5,18.3,30.03,47.0,69.25,92,1403-03-12
فومن,گیلان,2024-06-02,27.5,18.8,22.76,31.1,19.4,5.3,5.3,0.0,9.2,76.17,13.78,19.8,30.99,56.9,59.75,61,1403-03-13
فومن,گیلان,2024-06-03,31.1,17.1,24.16,34.6,18.4,0.0,0.0,0.0,11.6,67.17,10.88,14.2,22.81,32.4,57.71,61,1403-03-14
فومن,گیلان,2024-06-04,30.8,16.8,24.07,34.6,17.1,0.0,0.0,0.0,10.8,64.04,13.02,17.2,40.06,67.5,55.29,69,1403-03-15
فومن,گیلان,2024-06-05,30.7,19.1,25.07,35.0,19.7,0.0,0.0,0.0,6.6,65.5,15.37,18.3,46.97,86.4,60.62,64,1403-03-16
فومن,گیلان,2024-06-06,32.2,20.0,25.67,36.3,22.0,0.0,0.0,0.0,12.0,67.21,15.08,20.5,36.8,59.3,72.88,106,1403-03-17
فومن,گیلان,2024-06-07,33.4,18.7,26.01,38.5,21.0,0.0,0.0,0.0,9.4,73.46,14.87,21.5,31.73,48.0,86.62,145,1403-03-18
فومن,گیلان,2024-06-08,30.5,20.7,25.27,33.9,23.6,0.0,0.0,0.0,8.3,72.83,15.58,17.5,32.72,43.4,71.21,91,1403-03-19
فومن,گیلان,2024-06-09,30.0,20.2,24.97,34.6,23.1,0.0,0.0,0.0,9.1,71.96,14.3,16.6,28.46,39.2,69.88,101,1403-03-20
فومن,گیلان,2024-06-10,27.6,19.3,24.14,32.8,21.9,0.2,0.2,0.0,12.5,84.5,13.4,18.7,29.37,56.0,63.5,85,1403-03-21
فومن,گیلان,2024-06-11,27.8,21.7,24.73,31.2,25.3,0.0,0.0,0.0,11.5,80.71,12.01,14.4,29.17,44.5,58.88,61,1403-03-22
فومن,گیلان,2024-06-12,30.2,21.3,25.84,33.8,24.5,0.1,0.1,0.0,9.7,72.25,16.4,20.7,46.94,64.7,62.12,83,1403-03-23
فومن,گیلان,2024-06-13,33.1,21.2,27.19,37.3,24.2,0.0,0.0,0.0,10.2,65.58,17.51,23.9,44.6,78.7,71.25,92,1403-03-24
فومن,گیلان,2024-06-14,30.8,22.1,26.38,35.2,24.7,1.6,1.6,0.0,12.1,66.5,15.88,20.5,42.39,70.8,64.96,67,1403-03-25
فومن,گیلان,2024-06-15,31.0,20.9,26.4,36.2,23.2,1.2,1.2,0.0,8.2,70.96,16.79,20.1,43.12,66.1,66.58,81,1403-03-26
فومن,گیلان,2024-06-16,33.7,21.4,27.42,39.1,24.9,0.0,0.0,0.0,14.7,71.88,15.56,18.7,32.4,45.8,75.79,109,1403-03-27
فومن,گیلان,2024-06-17,34.1,22.8,28.48,40.4,26.9,0.6,0.6,0.0,13.3,72.5,14.6,20.4,28.08,34.9,78.25,117,1403-03-28
فومن,گیلان,2024-06-18,34.9,23.0,28.37,41.0,27.1,0.0,0.0,0.0,8.9,73.58,18.61,25.6,36.87,51.1,74.0,108,1403-03-29
فومن,گیلان,2024-06-19,33.0,23.1,28.17,37.4,27.8,0.6,0.6,0.0,10.2,71.92,18.5,22.1,38.38,52.6,70.58,72,1403-03-30
فومن,گیلان,2024-06-20,33.6,22.8,28.42,38.0,26.6,0.3,0.3,0.0,7.5,64.62,11.22,17.3,25.42,44.4,62.79,68,1403-03-31
فومن,گیلان,2024-06-21,33.7,22.7,28.09,38.1,26.5,0.0,0.0,0.0,18.4,65.71,7.75,10.9,18.44,24.1,50.46,63,1403-04-01
فومن,گیلان,2024-06-22,28.3,22.6,25.36,32.0,25.9,12.7,12.7,0.0,12.4,79.29,8.81,12.8,18.1,24.7,47.29,50,1403-04-02
فومن,گیلان,2024-06-23,27.2,22.5,23.92,30.7,25.4,14.9,14.9,0.0,14.7,89.58,6.41,10.0,12.88,19.4,42.75,49,1403-04-03
فومن,گیلان,2024-06-24,29.5,22.4,25.48,34.0,26.5,1.4,1.4,0.0,11.6,83.0,11.9,15.0,25.67,37.4,46.17,55,1403-04-04
فومن,گیلان,2024-06-25,32.3,22.9,27.2,37.2,27.1,0.7,0.7,0.0,8.8,73.71,18.55,26.1,46.07,73.6,66.92,89,1403-04-05
فومن,گیلان,2024-06-26,32.5,22.8,27.18,37.7,25.8,6.4,6.4,0.0,13.8,74.54,17.62,25.9,43.31,78.0,79.25,113,1403-04-06
فومن,گیلان,2024-06-27,25.3,18.4,21.17,27.7,16.8,20.2,20.2,0.0,34.3,82.88,7.22,10.5,11.2,17.7,55.46,66,1403-04-07
فومن,گیلان,2024-06-28,25.9,18.5,22.34,27.8,20.3,5.4,5.4,0.0,8.8,82.42,6.47,10.4,9.85,15.1,43.54,48,1403-04-08
فومن,گیلان,2024-06-29,27.5,20.2,23.38,31.6,22.9,6.9,6.9,0.0,9.5,79.08,5.38,7.4,12.5,19.1,36.79,42,1403-04-09
فومن,گیلان,2024-06-30,25.4,20.0,22.49,28.0,22.2,4.4,4.4,0.0,10.2,78.54,6.68,8.3,19.78,34.5,39.29,44,1403-04-10
قم,قم,2023-11-01,24.1,13.8,19.08,20.8,11.8,0.1,0.1,0.0,24.2,41.92,22.95,35.0,59.05,127.1,66.54,76,1402-08-10
قم,قم,2023-11-02,22.8,12.2,16.75,20.3,10.2,7.2,7.2,0.0,17.3,57.67,25.02,32.1,55.78,76.4,78.17,80,1402-08-11
قم,قم,2023-11-03,22.1,10.5,16.08,20.8,8.9,0.0,0.0,0.0,11.1,71.12,24.75,32.5,46.25,62.4,83.08,86,1402-08-12
قم,قم,2023-11-04,21.1,12.2,15.68,19.9,10.3,1.2,1.2,0.0,18.4,69.79,18.48,25.0,31.86,40.5,71.75,80,1402-08-13
قم,قم,2023-11-05,19.8,10.9,15.04,18.3,9.0,0.0,0.0,0.0,14.8,71.96,21.28,30.4,35.95,48.7,69.92,73,1402-08-14
قم,قم,2023-11-06,21.1,9.3,14.98,19.6,6.6,0.0,0.0,0.0,13.1,68.0,20.67,29.3,33.48,45.8,74.83,76,1402-08-15
قم,قم,2023-11-07,23.1,9.7,16.29,22.1,5.8,0.0,0.0,0.0,16.3,49.21,13.94,21.7,20.85,31.7,65.46,72,1402-08-16
قم,قم,2023-11-08,21.0,10.7,15.76,18.4,7.6,0.0,0.0,0.0,14.2,53.04,17.05,27.8,25.45,40.9,60.21,65,1402-08-17
قم,قم,2023-11-09,19.9,8.1,14.24,16.9,5.6,0.0,0.0,0.0,11.6,55.12,21.09,34.3,39.42,51.1,71.96,76,1402-08-18
قم,قم,2023-11-10,23.1,8.2,15.82,19.8,4.5,0.0,0.0,0.0,14.6,45.83,17.62,25.0,31.45,42.1,67.88,73,1402-08-19
قم,قم,2023-11-11,22.0,10.3,16.22,18.8,7.2,0.0,0.0,0.0,13.5,42.42,17.38,23.3,30.25,38.1,65.71,66,1402-08-20
قم,قم,2023-11-12,21.5,8.9,15.82,19.4,5.5,0.0,0.0,0.0,12.2,42.92,21.58,33.4,40.07,53.0,70.67,73,1402-08-21
قم,قم,2023-11-13,21.8,9.7,15.64,18.7,6.2,0.0,0.0,0.0,11.8,42.17,26.15,37.8,53.31,63.8,77.04,82,1402-08-22
قم,قم,2023-11-14,21.6,8.8,15.23,18.3,5.2,0.0,0.0,0.0,11.7,43.12,28.94,41.9,53.99,71.0,86.75,89,1402-08-23
قم,قم,2023-11-15,21.3,8.0,15.56,18.0,4.1,0.0,0.0,0.0,12.8,40.29,25.5,34.6,43.1,54.4,84.17,88,1402-08-24
قم,قم,2023-11-16,23.5,11.0,17.52,20.1,7.4,0.0,0.0,0.0,20.5,40.33,13.64,25.5,23.66,41.1,70.42,81,1402-08-25
قم,قم,2023-11-17,23.4,14.1,18.35,19.6,10.0,0.0,0.0,0.0,27.0,39.21,7.71,11.0,13.31,21.4,52.5,59,1402-08-26
قم,قم,2023-11-18,23.1,12.1,17.55,20.2,8.1,0.0,0.0,0.0,20.6,37.33,9.67,18.6,14.98,27.6,41.17,50,1402-08-27
قم,قم,2023-11-19,21.1,7.9,14.88,17.4,3.8,0.0,0.0,0.0,16.1,39.42,13.7,22.9,20.55,33.6,57.62,61,1402-08-28
قم,قم,2023-11-20,17.3,9.0,12.67,13.8,5.6,1.4,1.4,0.0,18.4,54.38,13.69,23.4,22.11,34.0,58.29,59,1402-08-29
قم,قم,2023-11-21,18.0,9.6,13.29,10.5,3.4,0.1,0.1,0.0,44.9,44.29,5.44,12.1,13.82,41.7,47.42,59,1402-08-30
قم,قم,2023-11-22,16.1,5.8,11.02,11.7,1.0,0.0,0.0,0.0,29.5,32.0,9.48,17.1,16.65,25.1,38.5,50,1402-09-01
قم,قم,2023-11-23,14.2,3.5,8.97,10.0,-0.5,0.0,0.0,0.0,9.0,39.38,13.25,21.0,20.48,31.2,54.54,58,1402-09-02
قم,قم,2023-11-24,14.9,5.0,9.66,11.1,0.6,0.0,0.0,0.0,11.3,39.29,12.38,20.7,18.82,30.4,59.08,60,1402-09-03
قم,قم,2023-11-25,16.3,2.9,9.78,12.0,-1.6,0.0,0.0,0.0,14.1,39.67,14.88,23.7,22.15,34.5,58.25,61,1402-09-04
قم,قم,2023-11-26,16.4,6.3,11.28,12.6,2.0,0.0,0.0,0.0,16.5,34.58,13.17,21.7,20.0,31.8,59.79,61,1402-09-05
قم,قم,2023-11-27,23.9,11.3,17.59,18.0,7.2,0.0,0.0,0.0,29.6,36.75,13.17,18.0,27.65,50.3,56.96,58,1402-09-06
قم,قم,2023-11-28,20.3,10.7,15.35,16.6,7.3,0.0,0.0,0.0,17.8,43.25,12.1,20.0,28.69,46.4,57.92,60,1402-09-07
قم,قم,2023-11-29,16.6,8.2,12.29,13.6,5.7,0.0,0.0,0.0,15.3,48.96,11.37,23.5,22.17,40.7,52.04,56,1402-09-08
قم,قم,2023-11-30,17.1,5.3,11.05,13.8,1.4,0.0,0.0,0.0,12.1,47.67,18.52,24.7,35.45,40.3,63.33,68,1402-09-09
قم,قم,2023-12-01,16.1,5.0,11.15,12.9,0.4,0.0,0.0,0.0,14.3,40.54,17.91,26.3,31.34,44.2,65.75,68,1402-09-10
قم,قم,2023-12-02,16.9,4.9,10.9,13.6,0.3,0.0,0.0,0.0,12.7,39.08,24.85,32.1,43.14,53.0,74.04,80,1402-09-11
قم,قم,2023-12-03,17.3,3.1,10.45,13.7,-1.9,0.0,0.0,0.0,14.6,34.29,21.04,27.0,34.48,42.6,76.88,80,1402-09-12
قم,قم,2023-12-04,16.2,1.6,9.62,11.8,-3.9,0.0,0.0,0.0,15.9,29.96,17.63,27.7,26.99,42.1,68.62,73,1402-09-13
قم,قم,2023-12-05,17.2,2.5,10.57,12.6,-2.8,0.0,0.0,0.0,15.7,29.58,11.43,18.7,16.84,27.0,61.33,66,1402-09-14
قم,قم,2023-12-06,15.3,2.5,9.47,11.5,-2.3,0.0,0.0,0.0,12.7,32.67,20.58,34.6,31.19,53.0,60.38,71,1402-09-15
قم,قم,2023-12-07,14.8,3.4,9.37,11.3,-0.5,2.3,2.3,0.0,15.0,42.54,15.89,25.8,27.85,39.8,71.88,75,1402-09-16
قم,قم,2023-12-08,17.3,5.6,11.33,13.7,1.5,0.0,0.0,0.0,15.6,42.67,13.25,19.2,26.83,35.5,58.38,63,1402-09-17
قم,قم,2023-12-09,14.3,3.5,9.64,11.3,0.0,0.0,0.0,0.0,11.6,49.67,19.5,27.4,39.71,49.1,63.71,69,1402-09-18
قم,قم,2023-12-10,18.6,5.6,11.77,15.2,1.1,0.0,0.0,0.0,14.5,44.25,16.95,21.9,37.48,62.2,68.92,70,1402-09-19
قم,قم,2023-12-11,19.6,6.9,12.92,15.7,1.8,0.0,0.0,0.0,18.0,35.54,10.41,15.7,19.24,26.4,57.5,65,1402-09-20
قم,قم,2023-12-12,14.2,4.7,9.66,11.1,0.9,0.0,0.0,0.0,10.4,48.17,18.14,24.3,35.93,43.8,59.29,67,1402-09-21
قم,قم,2023-12-13,13.2,6.0,9.56,9.5,2.4,0.7,0.7,0.0,12.5,54.38,18.49,26.4,27.82,38.2,67.92,69,1402-09-22
قم,قم,2023-12-14,13.8,6.5,9.49,11.4,3.7,2.4,2.4,0.0,14.7,74.21,11.08,22.4,17.54,24.7,66.21,70,1402-09-23
قم,قم,2023-12-15,15.4,4.2,9.4,11.6,0.4,0.0,0.0,0.0,18.3,56.29,6.41,16.7,10.41,24.2,35.08,54,1402-09-24
قم,قم,2023-12-16,13.9,3.2,8.87,9.6,-0.6,0.0,0.0,0.0,18.1,52.33,9.33,15.4,13.72,22.2,45.0,51,1402-09-25
قم,قم,2023-12-17,13.7,2.7,7.97,10.7,-1.0,0.0,0.0,0.0,12.5,65.96,11.18,18.5,16.3,26.7,52.92,54,1402-09-26
قم,قم,2023-12-18,12.4,2.9,7.43,9.5,-0.8,0.0,0.0,0.0,11.6,67.92,11.55,23.8,17.31,35.7,52.08,54,1402-09-27
قم,قم,2023-12-19,11.4,2.1,7.16,7.3,-1.4,0.0,0.0,0.0,13.1,58.04,14.52,22.9,22.06,34.6,61.29,64,1402-09-28
قم,قم,2023-12-20,11.3,0.8,6.11,7.8,-3.0,0.0,0.0,0.0,10.0,62.54,13.18,21.4,19.69,31.4,57.46,60,1402-09-29
قم,قم,2023-12-21,11.7,1.2,6.34,8.2,-2.8,0.0,0.0,0.0,11.2,60.75,18.27,27.2,27.64,41.3,62.25,67,1402-09-30
قم,قم,2023-12-22,12.3,1.5,6.98,8.5,-2.7,0.0,0.0,0.0,12.7,54.75,17.12,25.2,26.81,38.8,68.04,70,1402-10-01
قم,قم,2023-12-23,13.2,3.4,8.34,9.1,0.0,1.1,1.1,0.0,14.1,56.83,18.47,23.7,47.35,96.9,65.5,68,1402-10-02
قم,قم,2023-12-24,20.1,7.8,13.3,16.3,3.8,0.0,0.0,0.0,23.0,38.83,8.64,12.9,16.73,26.6,59.21,68,1402-10-03
قم,قم,2023-12-25,19.6,11.2,14.67,12.1,5.8,0.0,0.0,0.0,34.8,33.96,5.93,9.4,12.25,16.1,42.54,48,1402-10-04
قم,قم,2023-12-26,19.4,7.9,13.1,15.1,3.4,0.0,0.0,0.0,22.4,34.83,5.43,7.4,9.01,12.4,30.79,33,1402-10-05
قم,قم,2023-12-27,15.7,4.9,10.05,10.9,0.6,0.0,0.0,0.0,16.2,39.42,7.1,14.1,10.53,20.5,29.92,38,1402-10-06
قم,قم,2023-12-28,15.0,4.6,9.87,11.5,0.3,0.0,0.0,0.0,14.2,51.46,10.13,15.4,15.08,22.5,50.21,53,1402-10-07
قم,قم,2023-12-29,14.4,6.0,9.65,10.7,3.0,0.0,0.0,0.0,12.9,56.83,8.0,18.4,12.4,27.1,44.83,52,1402-10-08
قم,قم,2023-12-30,13.2,2.8,8.01,9.6,-1.0,0.0,0.0,0.0,10.8,51.96,16.29,24.2,24.82,35.7,56.92,64,1402-10-09
قم,قم,2023-12-31,12.8,2.1,7.42,9.5,-1.7,0.0,0.0,0.0,11.0,55.92,18.35,26.5,29.11,41.3,64.58,67,1402-10-10
قم,قم,2024-01-01,15.3,3.6,8.9,11.5,-0.4,0.0,0.0,0.0,12.2,52.96,16.15,24.5,29.05,41.1,65.83,68,1402-10-11
قم,قم,2024-01-02,13.7,2.9,8.48,9.8,-0.8,0.0,0.0,0.0,11.9,55.71,21.1,30.5,38.7,50.2,70.0,75,1402-10-12
قم,قم,2024-01-03,14.0,3.4,9.0,10.6,-0.6,0.0,0.0,0.0,16.9,50.75,13.56,25.4,23.85,41.8,67.75,73,1402-10-13
قم,قم,2024-01-04,17.4,6.9,10.93,13.3,1.3,0.0,0.0,0.0,20.9,37.29,8.27,16.3,12.34,23.6,45.17,59,1402-10-14
قم,قم,2024-01-05,17.1,3.5,10.21,13.7,-1.5,0.0,0.0,0.0,24.5,34.17,7.95,18.0,11.83,26.4,48.62,50,1402-10-15
قم,قم,2024-01-06,16.0,8.2,11.07,9.5,1.6,0.0,0.0,0.0,34.9,34.29,3.67,8.9,6.28,13.4,36.75,44,1402-10-16
قم,قم,2024-01-07,14.1,2.6,8.09,9.5,-2.3,0.0,0.0,0.0,22.3,37.92,6.39,11.1,10.3,16.9,25.42,34,1402-10-17
قم,قم,2024-01-08,13.3,0.1,6.91,8.7,-5.5,0.0,0.0,0.0,15.1,28.29,10.75,18.7,16.3,27.7,46.38,53,1402-10-18
قم,قم,2024-01-09,18.4,4.7,10.81,13.4,-0.9,0.0,0.0,0.0,16.2,18.83,7.86,16.2,11.58,23.3,50.0,54,1402-10-19
قم,قم,2024-01-10,16.4,3.3,9.7,11.7,-2.3,0.0,0.0,0.0,14.3,18.62,9.11,15.1,14.3,26.7,47.54,50,1402-10-20
قم,قم,2024-01-11,15.1,5.9,9.72,10.9,1.0,4.6,4.6,0.0,15.9,42.33,14.38,22.4,36.7,61.9,54.0,60,1402-10-21
قم,قم,2024-01-12,10.0,4.0,7.25,8.0,0.7,2.6,2.6,0.0,10.0,82.29,15.72,23.3,40.34,76.6,64.25,67,1402-10-22
قم,قم,2024-01-13,17.3,4.1,9.9,12.1,0.5,0.0,0.0,0.0,21.9,55.5,7.68,14.9,14.53,25.2,53.83,63,1402-10-23
قم,قم,2024-01-14,15.7,4.3,9.38,12.0,0.3,0.1,0.1,0.0,19.5,61.33,10.57,17.6,20.96,34.1,45.17,52,1402-10-24
قم,قم,2024-01-15,15.2,5.3,10.04,12.7,2.0,0.4,0.4,0.0,15.0,68.83,17.77,26.6,39.52,53.7,59.08,66,1402-10-25
قم,قم,2024-01-16,16.4,3.5,9.26,11.7,-0.5,0.0,0.0,0.0,14.1,53.54,10.68,19.3,18.93,28.9,60.33,67,1402-10-26
قم,قم,2024-01-17,17.2,1.6,9.92,12.5,-3.3,0.0,0.0,0.0,18.4,37.96,7.39,14.0,11.61,21.2,49.46,53,1402-10-27
قم,قم,2024-01-18,14.1,3.9,8.8,9.4,0.4,0.0,0.0,0.0,12.7,50.25,15.58,27.5,24.59,43.0,52.0,62,1402-10-28
قم,قم,2024-01-19,14.3,1.8,8.34,10.2,-2.8,0.0,0.0,0.0,12.5,44.12,16.1,23.3,26.7,36.6,64.04,65,1402-10-29
قم,قم,2024-01-20,13.9,1.9,7.95,9.6,-2.6,0.0,0.0,0.0,12.0,42.79,20.62,29.7,33.55,47.4,66.75,71,1402-10-30
قم,قم,2024-01-21,18.0,2.5,10.2,14.1,-2.4,0.0,0.0,0.0,17.6,36.71,14.42,25.3,23.18,41.1,69.04,73,1402-11-01
قم,قم,2024-01-22,16.9,5.5,10.73,11.9,0.6,0.0,0.0,0.0,15.9,34.62,9.75,14.4,15.29,21.7,54.67,60,1402-11-02
قم,قم,2024-01-23,9.7,4.4,7.4,6.3,1.6,1.7,1.7,0.0,13.3,67.17,15.5,24.6,40.23,57.4,55.58,62,1402-11-03
قم,قم,2024-01-24,11.0,2.9,6.8,9.3,-0.2,0.0,0.0,0.0,11.6,81.38,17.71,23.5,51.94,98.5,64.25,66,1402-11-04
قم,قم,2024-01-25,12.2,3.0,7.67,9.2,-0.3,0.0,0.0,0.0,13.7,74.25,12.32,19.0,26.08,36.7,61.96,67,1402-11-05
قم,قم,2024-01-26,10.6,3.2,6.68,6.9,-0.4,0.1,0.1,0.0,14.4,75.75,14.52,22.1,28.72,40.5,57.62,60,1402-11-06
قم,قم,2024-01-27,9.8,3.5,6.65,6.7,0.6,3.3,3.3,0.0,13.6,86.71,17.07,21.2,35.87,40.9,64.12,66,1402-11-07
قم,قم,2024-01-28,10.5,2.3,6.41,5.9,-0.3,0.0,0.0,0.0,22.7,64.12,6.19,16.2,12.09,26.6,55.62,65,1402-11-08
قم,قم,2024-01-29,10.2,0.5,5.29,6.7,-3.7,0.0,0.0,0.0,11.8,62.88,5.72,11.6,12.55,19.7,31.29,41,1402-11-09
قم,قم,2024-01-30,10.5,0.9,5.35,6.1,-2.9,0.0,0.0,0.0,14.1,63.25,12.05,19.7,25.47,33.5,47.75,56,1402-11-10
قم,قم,2024-01-31,9.9,1.9,4.88,4.6,-1.2,0.0,0.0,0.0,19.1,64.5,15.92,18.9,32.32,44.2,58.83,63,1402-11-11
قم,قم,2024-02-01,8.2,0.8,4.01,2.7,-2.9,0.7,0.7,0.0,19.4,61.96,18.04,24.6,37.89,49.8,65.5,67,1402-11-12
قم,قم,2024-02-02,4.7,0.9,2.42,1.7,-2.7,4.0,1.6,1.68,13.8,81.71,13.38,20.3,33.09,50.8,64.08,67,1402-11-13
قم,قم,2024-02-03,10.1,1.1,4.82,4.2,-3.7,0.0,0.0,0.0,27.4,57.29,6.68,15.5,13.73,31.1,44.71,58,1402-11-14
قم,قم,2024-02-04,10.9,-0.9,4.25,5.7,-5.5,0.0,0.0,0.0,18.2,56.42,9.11,16.6,18.21,28.8,47.0,50,1402-11-15
قم,قم,2024-02-05,13.4,2.0,7.82,6.0,-2.9,0.0,0.0,0.0,37.4,45.0,7.66,13.5,14.17,23.4,51.33,54,1402-11-16
قم,قم,2024-02-06,15.0,7.2,10.45,7.0,0.7,0.1,0.1,0.0,42.4,40.96,2.92,5.9,5.57,10.1,38.58,44,1402-11-17
قم,قم,2024-02-07,15.2,6.5,10.07,10.8,0.6,0.0,0.0,0.0,30.5,44.29,6.25,14.7,9.62,21.6,29.79,35,1402-11-18
قم,قم,2024-02-08,16.8,4.0,10.27,12.9,0.4,0.0,0.0,0.0,20.7,38.54,9.51,16.2,14.12,23.4,45.75,51,1402-11-19
قم,قم,2024-02-09,19.1,4.0,11.43,15.6,-0.9,0.0,0.0,0.0,15.6,34.88,9.6,18.7,14.62,28.1,49.67,51,1402-11-20
قم,قم,2024-02-10,17.8,4.6,11.25,14.0,-0.4,0.0,0.0,0.0,15.5,31.75,9.65,21.4,15.24,32.7,51.96,53,1402-11-21
قم,قم,2024-02-11,17.9,5.8,11.34,13.5,1.4,0.0,0.0,0.0,11.6,32.58,20.82,27.8,33.27,43.8,62.04,72,1402-11-22
قم,قم,2024-02-12,18.7,4.1,11.74,14.7,-0.9,0.0,0.0,0.0,14.2,31.29,17.2,23.7,30.97,37.1,71.04,73,1402-11-23
قم,قم,2024-02-13,19.9,5.3,12.68,15.4,0.5,0.0,0.0,0.0,13.8,30.17,18.42,28.1,33.58,46.6,64.08,67,1402-11-24
قم,قم,2024-02-14,21.1,5.8,13.87,16.5,1.3,0.0,0.0,0.0,15.6,32.29,17.99,24.0,34.47,39.5,68.67,70,1402-11-25
قم,قم,2024-02-15,21.5,8.4,14.89,17.5,4.2,1.0,1.0,0.0,16.8,37.71,15.6,23.9,36.78,61.9,63.71,67,1402-11-26
قم,قم,2024-02-16,16.2,8.8,11.96,14.3,6.6,9.8,9.8,0.0,21.0,74.0,18.12,24.1,41.62,59.8,68.08,71,1402-11-27
قم,قم,2024-02-17,17.5,5.6,10.29,15.1,3.5,0.3,0.3,0.0,21.0,67.25,9.14,13.4,21.55,48.1,57.92,67,1402-11-28
قم,قم,2024-02-18,14.0,5.7,8.88,9.3,1.8,1.2,1.2,0.0,26.9,65.83,5.71,11.9,10.52,20.9,37.88,50,1402-11-29
قم,قم,2024-02-19,10.2,2.7,6.18,7.5,-0.5,3.4,2.3,0.77,10.7,70.12,8.88,15.4,14.61,24.3,39.29,48,1402-11-30
قم,قم,2024-02-20,11.0,1.7,6.15,8.5,-1.8,0.0,0.0,0.0,10.5,73.62,16.02,27.1,29.09,46.6,55.54,62,1402-12-01
قم,قم,2024-02-21,12.8,2.6,7.51,10.2,-1.2,0.0,0.0,0.0,11.8,72.0,24.72,31.0,45.73,52.2,73.29,79,1402-12-02
قم,قم,2024-02-22,13.6,3.5,8.14,10.9,0.1,0.0,0.0,0.0,10.4,67.62,25.11,35.3,44.75,58.6,82.0,83,1402-12-03
قم,قم,2024-02-23,16.0,3.4,9.3,13.1,-0.5,0.0,0.0,0.0,12.7,63.54,17.55,28.9,30.24,44.7,73.04,80,1402-12-04
قم,قم,2024-02-24,14.3,5.8,9.78,11.6,2.1,0.7,0.7,0.0,13.8,63.83,19.22,24.9,47.89,87.3,66.79,71,1402-12-05
قم,قم,2024-02-25,6.2,-0.3,2.23,2.0,-5.3,22.9,9.9,9.1,19.0,89.54,5.06,10.7,9.61,22.3,51.75,69,1402-12-06
قم,قم,2024-02-26,0.5,-1.4,-0.47,-2.3,-5.9,16.6,0.0,11.62,17.2,91.67,10.38,24.8,15.63,36.8,34.0,52,1402-12-07
قم,قم,2024-02-27,1.7,-2.4,-0.52,-1.4,-6.6,4.7,0.2,3.15,13.8,88.12,13.17,24.8,22.27,40.9,56.96,59,1402-12-08
قم,قم,2024-02-28,1.7,-0.6,0.28,-2.7,-4.0,6.0,0.2,4.13,21.3,87.58,20.35,25.4,40.21,55.2,66.58,71,1402-12-09
قم,قم,2024-02-29,4.5,-3.4,-0.36,-0.6,-8.8,3.3,0.0,2.31,18.2,67.46,15.93,33.1,25.95,49.9,64.38,71,1402-12-10
قم,قم,2024-03-01,7.5,-4.3,0.93,3.5,-9.7,0.0,0.0,0.0,16.3,51.75,21.08,45.8,31.96,70.3,63.25,71,1402-12-11
قم,قم,2024-03-02,8.9,-4.1,2.38,6.3,-8.9,0.0,0.0,0.0,13.7,59.71,32.0,44.5,49.25,68.9,87.75,95,1402-12-12
قم,قم,2024-03-03,10.7,-1.1,4.66,7.2,-5.2,0.0,0.0,0.0,12.6,63.71,33.77,46.1,53.92,71.9,95.46,97,1402-12-13
قم,قم,2024-03-04,9.1,2.2,5.51,6.7,-1.7,5.8,5.8,0.0,12.1,75.71,35.13,42.1,83.75,118.3,101.58,106,1402-12-14
قم,قم,2024-03-05,11.0,2.5,6.38,8.3,-0.0,4.2,3.2,0.7,20.0,80.25,21.63,30.0,57.77,79.4,85.17,99,1402-12-15
قم,قم,2024-03-06,16.2,4.2,9.78,13.2,-0.6,0.0,0.0,0.0,21.8,57.25,18.47,26.0,42.52,56.1,70.75,75,1402-12-16
قم,قم,2024-03-07,15.6,5.7,10.3,13.5,0.7,0.0,0.0,0.0,21.4,58.96,16.85,23.3,44.56,103.1,66.0,68,1402-12-17
قم,قم,2024-03-08,16.2,5.1,10.59,14.3,1.1,0.0,0.0,0.0,23.3,60.25,22.45,29.1,70.32,106.2,69.54,75,1402-12-18
قم,قم,2024-03-09,16.9,4.8,11.28,14.3,0.9,0.0,0.0,0.0,31.9,52.92,13.94,23.7,35.08,55.4,70.04,76,1402-12-19
قم,قم,2024-03-10,19.2,7.2,12.08,14.4,2.9,2.9,2.9,0.0,26.3,52.04,13.21,21.9,43.45,81.0,54.92,59,1402-12-20
قم,قم,2024-03-11,12.4,5.8,9.34,9.4,2.4,0.5,0.5,0.0,17.9,65.71,19.6,25.0,63.0,117.3,65.29,70,1402-12-21
قم,قم,2024-03-12,17.0,4.8,10.79,14.2,0.6,0.0,0.0,0.0,18.2,54.29,14.96,21.2,27.9,40.9,66.12,70,1402-12-22
قم,قم,2024-03-13,17.2,5.4,10.7,13.8,1.6,0.0,0.0,0.0,11.8,49.25,20.15,27.4,38.68,49.4,66.79,75,1402-12-23
قم,قم,2024-03-14,20.1,5.1,12.62,16.8,1.3,0.0,0.0,0.0,14.3,48.33,19.11,29.9,35.4,49.4,74.96,90,1402-12-24
قم,قم,2024-03-15,20.3,9.5,14.2,17.0,5.9,0.1,0.1,0.0,17.6,44.42,23.82,29.6,76.9,136.0,69.46,77,1402-12-25
قم,قم,2024-03-16,21.6,9.2,14.79,20.5,6.8,0.1,0.1,0.0,27.9,60.33,23.97,29.7,62.0,101.7,81.25,84,1402-12-26
قم,قم,2024-03-17,22.1,7.9,15.46,20.2,4.8,0.0,0.0,0.0,17.7,52.42,16.82,22.0,38.27,62.9,70.58,78,1402-12-27
قم,قم,2024-03-18,22.3,9.4,15.08,18.5,5.8,0.1,0.1,0.0,24.1,48.58,17.51,29.6,45.86,83.4,64.25,65,1402-12-28
قم,قم,2024-03-19,19.4,10.4,14.38,17.4,7.4,4.1,4.1,0.0,15.6,62.75,22.93,30.6,60.92,85.7,74.17,78,1402-12-29
قم,قم,2024-03-20,21.0,11.2,15.66,15.2,5.9,1.4,1.4,0.0,32.7,42.71,8.68,17.2,27.94,53.6,63.0,76,1403-01-01
قم,قم,2024-03-21,20.7,10.3,15.12,18.3,5.0,0.0,0.0,0.0,26.6,40.42,10.3,18.7,24.98,37.3,52.83,81,1403-01-02
قم,قم,2024-03-22,21.9,8.1,15.22,17.4,5.3,0.0,0.0,0.0,18.0,39.17,14.9,19.8,39.12,58.8,64.08,92,1403-01-03
قم,قم,2024-03-23,24.8,10.2,17.18,19.4,6.4,0.0,0.0,0.0,33.2,33.92,17.82,26.1,47.48,91.5,59.88,66,1403-01-04
قم,قم,2024-03-24,23.9,10.6,17.75,20.1,6.2,0.1,0.1,0.0,30.8,31.29,20.33,25.0,53.28,75.2,71.83,74,1403-01-05
قم,قم,2024-03-25,16.3,12.2,13.85,12.3,6.2,8.5,8.5,0.0,31.2,55.04,14.92,21.6,39.99,71.7,68.54,71,1403-01-06
قم,قم,2024-03-26,20.0,9.2,14.27,14.6,2.7,0.0,0.0,0.0,32.9,38.25,5.85,10.3,17.95,32.7,58.5,78,1403-01-07
قم,قم,2024-03-27,22.2,10.7,15.96,15.2,5.4,0.0,0.0,0.0,39.8,36.08,11.63,18.1,32.02,52.0,50.42,66,1403-01-08
قم,قم,2024-03-28,20.3,8.6,14.66,17.7,5.5,0.0,0.0,0.0,20.6,41.58,13.8,18.2,31.76,69.8,73.25,112,1403-01-09
قم,قم,2024-03-29,20.2,7.2,14.08,16.8,2.6,0.0,0.0,0.0,14.1,20.5,12.29,22.0,19.1,32.8,68.21,101,1403-01-10
قم,قم,2024-03-30,22.9,7.3,15.79,19.2,2.3,0.0,0.0,0.0,16.6,15.79,18.12,24.9,32.56,40.9,67.25,94,1403-01-11
قم,قم,2024-03-31,25.5,10.5,17.72,20.3,5.6,0.0,0.0,0.0,34.6,18.5,15.66,24.3,27.08,39.7,73.92,99,1403-01-12
قم,قم,2024-04-01,23.0,9.6,16.99,20.3,5.9,0.0,0.0,0.0,14.2,25.25,9.31,13.4,15.77,23.3,59.54,78,1403-01-13
قم,قم,2024-04-02,20.4,9.4,15.4,17.3,6.1,0.0,0.0,0.0,14.8,29.0,12.38,17.3,33.39,55.9,54.46,81,1403-01-14
قم,قم,2024-04-03,23.4,9.2,17.09,20.1,5.6,0.0,0.0,0.0,11.0,23.12,12.85,18.7,25.59,34.3,65.0,93,1403-01-15
قم,قم,2024-04-04,27.7,12.2,20.63,24.6,7.9,0.0,0.0,0.0,15.5,21.75,13.82,18.7,21.76,33.5,64.54,93,1403-01-16
قم,قم,2024-04-05,29.7,15.6,22.99,26.5,11.1,0.0,0.0,0.0,20.6,17.92,8.71,15.6,13.43,22.9,61.62,87,1403-01-17
قم,قم,2024-04-06,29.3,17.4,23.45,26.6,12.1,0.0,0.0,0.0,22.1,17.62,9.38,18.6,24.48,38.2,55.75,91,1403-01-18
قم,قم,2024-04-07,29.9,15.8,23.2,26.0,12.0,0.0,0.0,0.0,27.8,20.17,16.58,21.6,40.23,59.0,63.92,96,1403-01-19
قم,قم,2024-04-08,28.2,15.9,22.28,25.5,12.2,0.0,0.0,0.0,17.9,27.62,15.61,19.9,49.5,96.4,68.12,86,1403-01-20
قم,قم,2024-04-09,28.2,14.2,21.75,25.0,11.8,0.0,0.0,0.0,22.5,29.58,19.07,24.2,50.49,86.4,73.88,110,1403-01-21
قم,قم,2024-04-10,30.0,16.3,22.01,26.5,13.9,6.0,6.0,0.0,23.9,30.88,25.28,34.2,84.73,148.5,72.75,80,1403-01-22
قم,قم,2024-04-11,24.3,12.1,17.91,20.9,8.7,1.1,1.1,0.0,26.6,45.75,18.15,29.9,53.36,81.5,83.92,92,1403-01-23
قم,قم,2024-04-12,22.0,11.7,15.82,17.5,7.3,0.1,0.1,0.0,32.6,36.88,4.49,8.1,13.4,27.1,51.83,67,1403-01-24
قم,قم,2024-04-13,19.8,7.9,14.55,16.0,4.2,0.0,0.0,0.0,16.4,31.83,10.5,16.6,26.39,36.2,51.25,89,1403-01-25
قم,قم,2024-04-14,21.9,10.0,16.3,19.3,5.5,0.0,0.0,0.0,13.1,19.21,8.32,18.3,17.68,33.8,61.29,89,1403-01-26
قم,قم,2024-04-15,25.0,12.4,18.54,20.4,8.3,0.0,0.0,0.0,22.0,22.54,15.34,27.1,38.72,47.8,62.5,85,1403-01-27
قم,قم,2024-04-16,24.9,13.1,18.63,20.1,9.1,0.0,0.0,0.0,25.3,25.71,13.87,18.2,33.17,56.2,59.62,66,1403-01-28
قم,قم,2024-04-17,26.1,13.6,20.22,23.0,9.9,0.0,0.0,0.0,18.4,25.17,18.82,23.5,40.23,56.3,68.5,96,1403-01-29
قم,قم,2024-04-18,27.5,13.9,20.98,24.8,10.2,0.0,0.0,0.0,12.8,22.12,21.68,37.6,45.95,71.2,85.79,125,1403-01-30
قم,قم,2024-04-19,30.7,16.7,24.21,27.6,12.0,0.0,0.0,0.0,20.8,18.33,12.75,17.3,21.82,33.4,89.12,137,1403-01-31
قم,قم,2024-04-20,30.6,18.0,24.26,26.9,13.7,0.0,0.0,0.0,29.6,22.08,10.58,14.3,27.58,40.5,73.25,112,1403-02-01
قم,قم,2024-04-21,31.7,17.9,24.31,29.4,14.3,0.1,0.1,0.0,34.3,25.58,15.72,24.4,46.58,78.5,67.79,107,1403-02-02
قم,قم,2024-04-22,28.2,16.8,22.24,26.5,14.3,1.2,1.2,0.0,28.7,37.12,25.72,37.1,86.92,121.5,83.67,121,1403-02-03
قم,قم,2024-04-23,17.6,15.0,16.14,16.4,13.8,3.4,3.4,0.0,16.9,69.75,20.68,43.4,47.43,122.5,84.75,91,1403-02-04
قم,قم,2024-04-24,21.6,13.5,17.1,19.7,11.1,0.2,0.2,0.0,18.6,55.12,15.17,27.6,30.44,44.2,73.12,114,1403-02-05
قم,قم,2024-04-25,24.1,12.5,18.77,22.2,10.1,0.0,0.0,0.0,15.2,48.54,22.55,30.3,43.5,53.7,75.92,104,1403-02-06
قم,قم,2024-04-26,27.6,13.9,21.08,26.2,11.6,0.0,0.0,0.0,15.3,37.17,22.39,28.3,43.99,54.9,92.33,144,1403-02-07
قم,قم,2024-04-27,27.3,15.7,21.42,25.2,12.0,0.0,0.0,0.0,15.9,27.38,21.32,29.2,49.83,61.7,77.96,96,1403-02-08
قم,قم,2024-04-28,28.2,15.5,21.94,25.6,12.5,0.0,0.0,0.0,14.1,21.46,10.72,18.3,28.3,38.9,73.25,106,1403-02-09
قم,قم,2024-04-29,30.3,15.2,23.29,26.9,10.8,0.0,0.0,0.0,15.5,17.75,13.55,18.1,35.87,54.2,74.38,132,1403-02-10
قم,قم,2024-04-30,30.8,16.0,24.1,25.4,12.7,0.0,0.0,0.0,26.1,14.08,15.22,23.6,49.06,77.5,64.88,83,1403-02-11
قم,قم,2024-05-01,29.5,18.8,24.32,25.4,15.8,0.0,0.0,0.0,31.2,22.04,20.51,38.6,61.25,110.1,66.83,76,1403-02-12
قم,قم,2024-05-02,22.6,17.5,19.39,19.9,15.7,4.5,4.5,0.0,19.4,51.0,26.38,36.9,71.35,99.4,81.04,87,1403-02-13
قم,قم,2024-05-03,25.2,17.5,20.79,24.9,14.5,1.5,1.5,0.0,30.8,48.67,17.42,29.3,37.51,73.6,77.67,83,1403-02-14
قم,قم,2024-05-04,27.0,16.2,21.42,21.5,11.2,0.0,0.0,0.0,37.7,39.25,12.72,20.5,38.78,65.0,64.29,85,1403-02-15
قم,قم,2024-05-05,29.1,16.6,23.04,26.0,12.4,0.0,0.0,0.0,28.7,34.17,16.37,24.4,49.01,118.3,68.29,88,1403-02-16
قم,قم,2024-05-06,23.4,15.2,19.33,19.6,14.1,2.5,2.5,0.0,29.8,49.12,24.94,37.6,102.98,229.6,65.83,79,1403-02-17
قم,قم,2024-05-07,25.7,13.0,18.48,22.2,12.3,5.5,5.5,0.0,26.3,60.88,24.17,41.6,95.48,204.4,92.0,105,1403-02-18
قم,قم,2024-05-08,27.3,12.5,20.1,24.8,9.9,0.0,0.0,0.0,18.8,40.33,11.59,20.9,49.7,130.4,79.58,115,1403-02-19
قم,قم,2024-05-09,25.6,13.3,19.91,21.4,9.8,0.0,0.0,0.0,25.8,31.0,8.41,12.2,24.35,43.9,74.21,113,1403-02-20
قم,قم,2024-05-10,26.6,13.6,20.93,25.1,10.9,0.0,0.0,0.0,11.9,28.79,9.33,12.8,19.3,26.0,81.75,152,1403-02-21
قم,قم,2024-05-11,30.3,14.8,23.67,27.6,12.0,0.0,0.0,0.0,14.7,22.17,13.03,23.5,29.0,36.9,93.5,159,1403-02-22
قم,قم,2024-05-12,35.7,17.0,26.97,30.6,13.7,0.1,0.1,0.0,39.5,19.29,12.42,18.0,41.79,109.4,72.08,115,1403-02-23
قم,قم,2024-05-13,32.5,19.2,25.58,29.4,18.7,2.8,2.8,0.0,32.7,39.0,29.15,47.3,107.56,229.6,68.5,86,1403-02-24
قم,قم,2024-05-14,32.6,17.1,23.73,28.2,16.1,0.3,0.3,0.0,35.5,44.17,36.4,43.7,121.02,189.5,105.75,130,1403-02-25
قم,قم,2024-05-15,32.7,18.0,26.1,30.2,15.8,0.0,0.0,0.0,30.2,22.5,16.12,25.3,52.6,82.4,103.46,147,1403-02-26
قم,قم,2024-05-16,33.2,21.2,27.04,31.1,16.8,0.0,0.0,0.0,29.0,17.38,12.3,17.6,50.45,111.8,77.29,115,1403-02-27
قم,قم,2024-05-17,32.5,18.4,25.67,26.3,16.3,0.0,0.0,0.0,35.3,22.71,16.16,29.2,67.76,200.7,77.67,121,1403-02-28
قم,قم,2024-05-18,32.5,18.5,25.0,27.8,14.6,0.0,0.0,0.0,34.6,22.0,9.65,15.1,25.29,63.6,76.04,104,1403-02-29
قم,قم,2024-05-19,27.8,16.3,22.32,25.4,14.0,0.0,0.0,0.0,15.6,28.17,9.25,13.5,20.82,30.4,79.62,135,1403-02-30
قم,قم,2024-05-20,31.2,16.9,24.33,28.4,13.9,0.0,0.0,0.0,27.4,22.12,13.85,22.4,42.52,68.0,78.75,132,1403-02-31
قم,قم,2024-05-21,32.3,18.5,23.87,31.3,16.7,1.1,1.1,0.0,23.4,41.25,27.17,50.9,80.2,162.5,87.62,129,1403-03-01
قم,قم,2024-05-22,27.5,17.6,22.34,28.2,16.5,0.0,0.0,0.0,21.7,49.38,30.71,36.6,86.41,113.9,98.88,129,1403-03-02
قم,قم,2024-05-23,28.2,16.9,23.1,28.7,17.4,1.4,1.4,0.0,13.6,47.71,23.14,29.0,64.58,89.4,97.75,135,1403-03-03
قم,قم,2024-05-24,30.8,18.5,24.88,30.7,16.8,0.0,0.0,0.0,24.7,34.08,16.73,21.8,37.51,53.7,101.5,165,1403-03-04
قم,قم,2024-05-25,33.1,19.1,26.62,30.6,18.3,0.0,0.0,0.0,19.9,30.62,17.76,21.2,43.61,59.4,103.54,164,1403-03-05
قم,قم,2024-05-26,33.0,19.8,27.32,30.4,18.2,0.0,0.0,0.0,24.5,30.12,19.41,26.3,72.3,118.3,71.88,93,1403-03-06
قم,قم,2024-05-27,35.7,20.0,28.89,33.3,17.1,0.0,0.0,0.0,22.3,21.29,17.12,24.7,54.32,103.6,89.25,133,1403-03-07
قم,قم,2024-05-28,35.5,21.4,29.05,34.4,18.9,0.0,0.0,0.0,15.5,21.08,11.94,17.8,31.14,60.1,97.92,169,1403-03-08
قم,قم,2024-05-29,35.4,21.5,29.53,34.2,19.0,0.0,0.0,0.0,13.2,20.0,10.52,13.4,25.18,31.1,97.42,166,1403-03-09
قم,قم,2024-05-30,37.7,22.9,30.88,35.2,19.7,0.0,0.0,0.0,18.7,15.5,13.22,17.3,36.45,53.7,75.21,111,1403-03-10
قم,قم,2024-05-31,38.8,23.8,31.59,35.7,20.8,0.0,0.0,0.0,17.6,14.88,12.76,18.7,36.54,53.4,70.54,102,1403-03-11
قم,قم,2024-06-01,40.8,23.2,32.9,37.4,20.1,0.0,0.0,0.0,26.0,13.75,13.14,18.2,35.08,51.9,74.33,127,1403-03-12
قم,قم,2024-06-02,36.6,24.5,30.54,32.7,19.9,0.0,0.0,0.0,29.4,18.0,8.38,10.9,20.62,33.9,92.0,157,1403-03-13
قم,قم,2024-06-03,33.7,20.7,27.75,32.0,17.8,0.0,0.0,0.0,23.1,22.75,10.54,15.6,25.06,31.0,100.21,180,1403-03-14
قم,قم,2024-06-04,34.4,20.9,28.13,30.6,18.6,0.0,0.0,0.0,24.2,22.75,9.64,11.6,24.5,35.0,76.33,122,1403-03-15
قم,قم,2024-06-05,34.0,21.5,28.2,29.6,20.2,0.1,0.1,0.0,26.0,24.96,11.62,15.4,36.62,52.2,74.21,103,1403-03-16
قم,قم,2024-06-06,34.0,21.6,28.39,30.7,20.3,0.0,0.0,0.0,23.5,27.12,13.4,17.0,40.3,57.2,72.58,88,1403-03-17
قم,قم,2024-06-07,35.5,22.5,29.65,31.9,19.9,0.0,0.0,0.0,21.8,17.0,11.62,20.0,29.29,39.9,70.58,100,1403-03-18
قم,قم,2024-06-08,37.3,22.2,30.4,34.2,18.2,0.0,0.0,0.0,26.3,11.33,11.21,14.4,32.46,51.8,76.54,123,1403-03-19
قم,قم,2024-06-09,38.6,23.1,31.72,35.3,19.6,0.0,0.0,0.0,23.0,10.42,10.09,13.3,28.94,50.5,78.79,133,1403-03-20
قم,قم,2024-06-10,37.7,25.0,31.74,34.5,22.1,0.0,0.0,0.0,28.0,16.96,14.98,26.8,40.98,68.0,83.75,137,1403-03-21
قم,قم,2024-06-11,38.1,23.3,31.42,36.3,21.7,0.0,0.0,0.0,34.6,20.88,23.2,26.2,69.26,89.9,85.25,123,1403-03-22
قم,قم,2024-06-12,39.2,23.9,32.41,37.3,21.4,0.0,0.0,0.0,20.1,16.08,22.97,27.3,74.04,122.0,103.58,160,1403-03-23
قم,قم,2024-06-13,38.1,24.9,31.95,36.6,23.9,0.0,0.0,0.0,21.5,22.62,22.72,27.4,71.57,105.7,102.04,142,1403-03-24
قم,قم,2024-06-14,36.1,24.3,30.0,34.8,23.5,0.0,0.0,0.0,34.1,28.46,24.65,33.6,68.96,91.7,92.92,113,1403-03-25
قم,قم,2024-06-15,34.4,21.6,28.93,33.3,20.2,0.0,0.0,0.0,15.2,32.5,34.18,42.5,94.45,132.2,100.04,126,1403-03-26
قم,قم,2024-06-16,37.6,24.5,31.38,37.7,23.6,0.0,0.0,0.0,33.5,24.71,25.08,28.1,60.04,73.1,115.25,165,1403-03-27
قم,قم,2024-06-17,37.2,24.8,31.89,37.1,23.6,0.0,0.0,0.0,10.9,24.5,19.22,28.0,44.55,52.3,108.21,163,1403-03-28
قم,قم,2024-06-18,38.2,25.4,32.54,37.0,24.5,0.0,0.0,0.0,14.3,21.67,12.46,15.1,25.81,30.2,97.12,153,1403-03-29
قم,قم,2024-06-19,37.6,25.6,32.6,35.2,24.2,0.0,0.0,0.0,25.3,20.58,12.28,20.3,25.48,37.5,68.88,95,1403-03-30
قم,قم,2024-06-20,36.5,25.4,31.53,33.7,24.7,0.0,0.0,0.0,23.4,22.96,12.9,23.1,26.18,39.2,68.38,90,1403-03-31
قم,قم,2024-06-21,36.3,23.8,30.76,35.9,23.5,0.0,0.0,0.0,13.3,25.71,10.5,14.2,24.68,35.5,61.29,86,1403-04-01
قم,قم,2024-06-22,38.2,25.5,32.09,37.1,24.6,0.0,0.0,0.0,18.0,21.83,12.12,14.9,26.55,35.0,77.54,131,1403-04-02
قم,قم,2024-06-23,38.2,26.7,32.54,36.7,22.7,0.0,0.0,0.0,25.3,20.29,18.63,24.9,55.1,102.4,60.33,73,1403-04-03
قم,قم,2024-06-24,37.1,24.9,31.15,34.7,23.9,0.0,0.0,0.0,31.9,25.75,26.47,42.6,75.09,114.1,74.33,82,1403-04-04
قم,قم,2024-06-25,38.7,24.1,32.36,35.6,23.3,0.0,0.0,0.0,25.7,23.46,24.37,41.2,64.32,94.8,86.92,89,1403-04-05
قم,قم,2024-06-26,36.7,25.8,31.76,36.5,24.9,0.0,0.0,0.0,22.2,26.46,17.7,27.1,48.78,64.0,75.88,92,1403-04-06
قم,قم,2024-06-27,37.8,24.8,31.82,36.8,24.2,0.0,0.0,0.0,21.0,29.25,18.92,27.7,46.75,61.0,94.17,147,1403-04-07
قم,قم,2024-06-28,38.5,24.3,32.14,35.7,22.9,0.0,0.0,0.0,25.3,24.17,16.22,23.0,50.46,102.2,67.17,109,1403-04-08
قم,قم,2024-06-29,39.5,25.9,33.25,37.2,24.8,0.0,0.0,0.0,25.6,23.92,29.61,43.2,93.72,179.7,73.33,88,1403-04-09
قم,قم,2024-06-30,38.3,24.5,31.6,36.8,23.0,0.0,0.0,0.0,25.3,28.58,24.68,31.7,69.5,114.6,88.12,93,1403-04-10
پاکدشت,تهران,2023-11-01,23.6,13.7,18.82,20.3,11.2,0.0,0.0,0.0,12.8,36.96,33.85,58.2,62.65,93.4,92.75,98,1402-08-10
پاکدشت,تهران,2023-11-02,23.3,13.5,17.91,20.3,11.3,1.5,1.5,0.0,18.4,42.92,28.23,47.7,56.87,74.3,94.42,97,1402-08-11
پاکدشت,تهران,2023-11-03,20.6,10.0,15.81,19.1,8.6,0.0,0.0,0.0,11.5,65.08,38.91,63.8,64.96,94.8,93.21,106,1402-08-12
پاکدشت,تهران,2023-11-04,18.9,10.0,14.52,18.2,8.1,8.1,8.1,0.0,10.7,72.08,35.47,64.3,59.14,96.4,106.92,112,1402-08-13
پاکدشت,تهران,2023-11-05,18.7,10.7,14.89,16.9,9.6,0.0,0.0,0.0,10.0,71.92,41.73,76.4,65.69,113.2,101.71,114,1402-08-14
پاکدشت,تهران,2023-11-06,20.5,7.6,14.62,18.6,5.7,0.0,0.0,0.0,9.6,65.58,42.09,83.8,63.45,122.5,115.38,119,1402-08-15
پاکدشت,تهران,2023-11-07,21.1,6.2,14.65,19.0,3.5,0.0,0.0,0.0,8.9,53.42,40.22,88.0,59.44,127.1,115.67,118,1402-08-16
پاکدشت,تهران,2023-11-08,20.4,10.5,15.57,17.1,8.6,0.0,0.0,0.0,13.2,47.29,29.89,70.1,44.22,102.0,97.54,112,1402-08-17
پاکدشت,تهران,2023-11-09,20.1,8.3,14.47,17.3,5.8,0.0,0.0,0.0,8.7,46.46,31.51,55.4,50.15,83.4,95.17,98,1402-08-18
پاکدشت,تهران,2023-11-10,22.6,8.2,15.8,19.3,5.7,0.0,0.0,0.0,10.0,40.58,33.66,60.1,51.9,90.1,92.79,96,1402-08-19
پاکدشت,تهران,2023-11-11,22.0,11.0,16.53,18.9,8.1,0.0,0.0,0.0,10.0,37.42,33.78,57.7,55.23,88.0,97.79,100,1402-08-20
پاکدشت,تهران,2023-11-12,21.7,9.1,15.63,18.6,6.5,0.0,0.0,0.0,9.7,42.33,36.11,76.8,57.38,116.4,95.83,101,1402-08-21
پاکدشت,تهران,2023-11-13,21.8,9.7,16.11,18.7,7.2,0.0,0.0,0.0,8.9,39.29,41.63,88.9,64.99,135.5,106.79,115,1402-08-22
پاکدشت,تهران,2023-11-14,21.6,9.8,15.65,18.9,7.1,0.0,0.0,0.0,7.6,40.38,36.72,68.7,57.19,102.2,114.04,116,1402-08-23
پاکدشت,تهران,2023-11-15,20.9,9.3,15.45,18.4,6.1,0.0,0.0,0.0,7.6,37.29,33.35,75.4,51.0,112.0,96.71,103,1402-08-24
پاکدشت,تهران,2023-11-16,22.8,10.7,16.57,19.1,7.8,0.0,0.0,0.0,14.0,38.5,29.17,63.1,46.48,94.8,99.96,103,1402-08-25
پاکدشت,تهران,2023-11-17,22.1,10.4,16.23,17.3,8.0,0.0,0.0,0.0,25.5,40.67,19.48,42.1,28.9,61.0,76.75,88,1402-08-26
پاکدشت,تهران,2023-11-18,21.8,7.4,14.55,17.9,4.7,0.0,0.0,0.0,17.4,45.46,25.78,52.2,37.95,75.4,73.38,81,1402-08-27
پاکدشت,تهران,2023-11-19,21.4,7.2,14.37,18.5,4.3,0.0,0.0,0.0,8.6,40.79,22.08,50.9,32.5,73.3,80.12,82,1402-08-28
پاکدشت,تهران,2023-11-20,20.0,8.4,13.34,15.5,4.8,3.7,3.7,0.0,19.1,48.0,14.68,41.4,23.59,61.0,70.12,75,1402-08-29
پاکدشت,تهران,2023-11-21,12.6,6.0,9.01,9.8,1.5,16.3,16.3,0.0,23.0,70.25,10.16,29.1,17.65,45.1,53.88,61,1402-08-30
پاکدشت,تهران,2023-11-22,13.4,1.4,6.9,9.2,-1.9,0.0,0.0,0.0,21.0,53.54,24.74,55.1,38.5,79.2,62.83,79,1402-09-01
پاکدشت,تهران,2023-11-23,14.2,2.4,8.33,10.7,-1.1,0.0,0.0,0.0,7.4,44.88,32.51,77.1,47.06,110.4,83.33,93,1402-09-02
پاکدشت,تهران,2023-11-24,14.3,4.9,9.23,11.1,1.8,0.0,0.0,0.0,7.2,47.42,43.89,95.0,63.85,137.4,104.0,119,1402-09-03
پاکدشت,تهران,2023-11-25,16.0,2.3,8.82,12.7,-1.1,0.0,0.0,0.0,7.6,50.0,46.05,91.7,67.45,132.2,128.21,131,1402-09-04
پاکدشت,تهران,2023-11-26,17.3,6.0,11.28,14.2,2.9,0.0,0.0,0.0,9.7,42.42,33.84,68.5,49.48,99.2,118.96,126,1402-09-05
پاکدشت,تهران,2023-11-27,19.5,6.6,12.67,16.7,3.3,0.0,0.0,0.0,12.4,49.71,27.62,58.8,46.95,88.5,89.71,97,1402-09-06
پاکدشت,تهران,2023-11-28,17.4,5.6,11.32,14.7,2.7,13.8,13.8,0.0,19.1,62.71,24.48,43.4,42.21,72.2,83.83,88,1402-09-07
پاکدشت,تهران,2023-11-29,15.5,4.0,9.45,12.4,1.0,0.0,0.0,0.0,10.5,62.29,25.01,62.9,40.73,95.2,73.83,79,1402-09-08
پاکدشت,تهران,2023-11-30,16.3,4.1,9.72,13.4,1.0,0.0,0.0,0.0,7.0,54.71,33.37,72.9,53.32,108.0,88.54,96,1402-09-09
پاکدشت,تهران,2023-12-01,16.2,5.1,10.58,13.6,2.0,0.0,0.0,0.0,6.3,52.21,35.55,70.3,54.51,106.4,97.0,100,1402-09-10
پاکدشت,تهران,2023-12-02,16.7,3.9,10.09,13.6,0.8,0.0,0.0,0.0,7.0,51.62,41.12,87.1,62.59,129.0,105.88,114,1402-09-11
پاکدشت,تهران,2023-12-03,17.2,3.2,10.19,13.8,-0.4,0.0,0.0,0.0,6.5,45.04,44.08,90.1,66.14,131.8,118.17,122,1402-09-12
پاکدشت,تهران,2023-12-04,16.7,4.3,10.59,13.3,0.7,0.0,0.0,0.0,6.2,41.29,42.89,88.2,63.21,129.0,119.42,121,1402-09-13
پاکدشت,تهران,2023-12-05,15.9,2.4,10.02,12.7,-1.3,0.0,0.0,0.0,6.0,36.12,33.45,66.1,48.59,94.8,112.21,118,1402-09-14
پاکدشت,تهران,2023-12-06,15.6,4.3,10.14,11.9,0.1,0.0,0.0,0.0,7.2,31.42,35.42,87.8,52.3,128.5,91.21,97,1402-09-15
پاکدشت,تهران,2023-12-07,16.4,6.1,9.63,12.2,2.1,0.0,0.0,0.0,10.3,37.42,34.59,54.0,56.4,78.2,111.67,120,1402-09-16
پاکدشت,تهران,2023-12-08,17.1,4.4,10.43,13.8,1.2,0.0,0.0,0.0,7.3,47.04,29.08,58.1,46.85,85.2,89.71,98,1402-09-17
پاکدشت,تهران,2023-12-09,16.2,5.4,10.23,12.7,2.2,0.0,0.0,0.0,7.6,45.38,30.95,65.9,49.0,99.2,88.04,90,1402-09-18
پاکدشت,تهران,2023-12-10,18.7,4.9,11.1,14.0,1.8,0.0,0.0,0.0,18.0,41.58,31.89,52.2,57.3,84.1,97.33,103,1402-09-19
پاکدشت,تهران,2023-12-11,17.1,5.2,10.8,12.7,1.7,0.0,0.0,0.0,12.7,34.83,25.65,55.3,39.3,81.5,83.04,93,1402-09-20
پاکدشت,تهران,2023-12-12,14.8,6.4,10.24,11.3,2.9,0.0,0.0,0.0,7.6,41.92,34.02,66.4,55.37,103.1,89.04,96,1402-09-21
پاکدشت,تهران,2023-12-13,14.0,7.8,10.9,10.7,4.8,0.0,0.0,0.0,8.5,42.62,34.06,60.1,57.56,90.1,102.83,106,1402-09-22
پاکدشت,تهران,2023-12-14,11.5,6.1,8.62,9.4,3.6,5.8,5.8,0.0,16.2,68.04,32.68,58.3,47.68,76.8,100.62,106,1402-09-23
پاکدشت,تهران,2023-12-15,12.3,3.6,7.65,9.1,0.7,1.7,1.7,0.0,8.9,69.33,21.21,37.7,28.98,54.0,78.21,95,1402-09-24
پاکدشت,تهران,2023-12-16,14.0,1.3,7.79,10.5,-2.0,0.0,0.0,0.0,7.1,49.58,29.65,65.9,42.71,94.5,76.88,88,1402-09-25
پاکدشت,تهران,2023-12-17,14.6,5.6,9.72,11.2,1.9,0.0,0.0,0.0,8.2,46.42,39.7,79.6,57.19,114.3,96.75,108,1402-09-26
پاکدشت,تهران,2023-12-18,13.4,3.2,8.24,9.9,-0.5,0.0,0.0,0.0,13.0,56.71,42.73,66.8,62.44,96.4,125.04,135,1402-09-27
پاکدشت,تهران,2023-12-19,11.9,3.3,7.29,8.9,0.4,0.0,0.0,0.0,9.3,63.29,39.72,65.7,58.95,95.7,111.58,118,1402-09-28
پاکدشت,تهران,2023-12-20,11.5,1.7,6.3,8.3,-1.6,0.0,0.0,0.0,6.8,63.29,34.35,65.7,51.3,96.2,103.38,111,1402-09-29
پاکدشت,تهران,2023-12-21,11.7,2.8,6.93,8.1,-0.2,0.0,0.0,0.0,7.9,58.12,39.08,82.0,59.35,121.5,98.96,108,1402-09-30
پاکدشت,تهران,2023-12-22,13.0,-0.5,6.69,9.9,-4.0,0.0,0.0,0.0,7.1,56.58,39.08,66.1,61.86,102.2,112.92,117,1402-10-01
پاکدشت,تهران,2023-12-23,13.8,3.7,8.13,11.8,0.2,2.2,2.2,0.0,8.0,62.0,28.85,51.8,58.04,111.3,103.83,109,1402-10-02
پاکدشت,تهران,2023-12-24,14.4,4.0,8.7,12.1,0.8,0.0,0.0,0.0,11.5,63.96,16.55,33.1,28.38,48.7,75.08,87,1402-10-03
پاکدشت,تهران,2023-12-25,15.0,4.4,9.67,10.4,1.2,0.0,0.0,0.0,20.2,56.62,15.39,30.9,23.25,44.4,61.29,64,1402-10-04
پاکدشت,تهران,2023-12-26,16.0,4.7,9.46,10.0,1.0,0.0,0.0,0.0,25.3,48.42,20.36,43.9,29.5,63.1,65.33,71,1402-10-05
پاکدشت,تهران,2023-12-27,15.7,3.5,9.0,11.9,-0.2,0.0,0.0,0.0,12.0,45.75,22.38,52.5,32.43,75.7,71.25,74,1402-10-06
پاکدشت,تهران,2023-12-28,15.0,3.9,8.49,11.0,0.2,0.0,0.0,0.0,10.9,50.88,27.86,53.6,41.04,77.8,81.33,87,1402-10-07
پاکدشت,تهران,2023-12-29,13.6,2.4,7.33,9.5,-0.7,0.0,0.0,0.0,13.0,55.38,23.24,51.8,34.5,75.0,80.25,86,1402-10-08
پاکدشت,تهران,2023-12-30,13.4,0.6,7.75,9.9,-2.8,0.0,0.0,0.0,8.1,52.12,31.39,63.3,46.3,92.0,84.33,92,1402-10-09
پاکدشت,تهران,2023-12-31,13.5,2.4,7.77,9.9,-0.8,0.0,0.0,0.0,8.4,53.5,39.11,78.7,58.51,115.7,98.54,109,1402-10-10
پاکدشت,تهران,2024-01-01,14.3,3.5,8.22,11.1,0.3,0.0,0.0,0.0,9.1,52.42,37.14,68.0,58.21,104.5,108.38,110,1402-10-11
پاکدشت,تهران,2024-01-02,14.0,2.0,8.04,10.4,-1.2,0.0,0.0,0.0,8.0,48.92,37.25,71.5,61.82,111.1,103.58,105,1402-10-12
پاکدشت,تهران,2024-01-03,14.0,4.3,8.67,10.1,1.3,0.0,0.0,0.0,9.8,50.21,33.98,61.7,55.58,93.6,107.79,112,1402-10-13
پاکدشت,تهران,2024-01-04,14.6,0.4,7.51,10.6,-3.1,0.0,0.0,0.0,8.5,46.5,27.69,58.8,41.58,84.8,86.75,97,1402-10-14
پاکدشت,تهران,2024-01-05,15.3,3.2,8.81,11.2,-1.1,0.0,0.0,0.0,11.9,42.33,22.71,42.6,32.81,61.0,83.29,86,1402-10-15
پاکدشت,تهران,2024-01-06,13.0,3.4,7.96,7.9,-0.6,0.0,0.0,0.0,24.1,48.75,16.96,36.4,25.22,52.9,72.5,76,1402-10-16
پاکدشت,تهران,2024-01-07,11.6,-1.0,5.46,7.1,-5.2,0.0,0.0,0.0,8.8,37.12,24.09,68.5,34.92,98.7,63.08,76,1402-10-17
پاکدشت,تهران,2024-01-08,13.5,0.1,7.12,9.5,-4.0,0.0,0.0,0.0,7.1,31.21,33.74,68.7,48.97,98.7,89.83,97,1402-10-18
پاکدشت,تهران,2024-01-09,18.8,3.1,10.24,12.6,-1.2,0.0,0.0,0.0,22.0,24.21,26.89,57.2,38.98,82.0,93.33,97,1402-10-19
پاکدشت,تهران,2024-01-10,16.5,3.6,9.81,11.6,-0.7,0.0,0.0,0.0,20.3,23.21,16.94,49.0,25.67,70.3,78.33,84,1402-10-20
پاکدشت,تهران,2024-01-11,14.9,8.6,11.46,11.7,5.3,3.3,3.3,0.0,13.2,44.17,22.68,45.4,61.82,122.5,66.29,75,1402-10-21
پاکدشت,تهران,2024-01-12,9.4,3.1,6.91,6.9,0.3,5.3,5.3,0.0,9.0,80.58,17.36,35.3,31.57,63.8,73.71,79,1402-10-22
پاکدشت,تهران,2024-01-13,13.6,2.6,7.15,11.4,-0.7,0.1,0.1,0.0,10.5,71.71,15.23,28.8,24.69,43.8,61.83,66,1402-10-23
پاکدشت,تهران,2024-01-14,14.0,4.7,8.4,10.8,1.1,0.9,0.9,0.0,19.1,68.21,21.34,37.0,37.16,57.3,67.25,73,1402-10-24
پاکدشت,تهران,2024-01-15,14.7,3.2,7.98,12.3,0.1,0.9,0.9,0.0,8.7,69.67,23.49,48.4,42.44,82.0,76.58,79,1402-10-25
پاکدشت,تهران,2024-01-16,12.8,-0.7,5.13,9.3,-4.1,0.0,0.0,0.0,7.9,56.21,25.96,59.8,40.33,86.6,75.29,81,1402-10-26
پاکدشت,تهران,2024-01-17,13.3,-1.5,4.91,10.2,-5.2,0.0,0.0,0.0,9.4,55.54,26.54,52.5,38.58,75.4,84.67,86,1402-10-27
پاکدشت,تهران,2024-01-18,13.3,0.3,5.97,10.0,-3.5,0.0,0.0,0.0,9.9,56.58,33.19,72.4,49.57,107.3,85.67,94,1402-10-28
پاکدشت,تهران,2024-01-19,13.6,-1.7,5.04,10.7,-5.8,0.0,0.0,0.0,10.7,61.0,37.77,79.2,57.55,116.9,100.25,106,1402-10-29
پاکدشت,تهران,2024-01-20,13.5,-0.6,6.21,10.2,-4.5,0.0,0.0,0.0,7.6,54.5,43.93,94.1,67.4,140.6,111.71,119,1402-10-30
پاکدشت,تهران,2024-01-21,15.1,0.9,6.82,11.4,-2.8,0.0,0.0,0.0,9.5,54.38,40.88,64.3,61.65,96.9,129.67,138,1402-11-01
پاکدشت,تهران,2024-01-22,15.1,1.2,7.67,12.3,-2.5,0.0,0.0,0.0,8.1,55.21,27.53,59.3,42.16,87.5,93.25,113,1402-11-02
پاکدشت,تهران,2024-01-23,12.1,4.6,7.45,9.5,2.1,2.8,2.8,0.0,9.8,69.71,33.85,60.5,81.81,129.0,92.38,99,1402-11-03
پاکدشت,تهران,2024-01-24,13.1,3.0,7.05,10.9,0.4,15.6,15.6,0.0,7.2,76.12,44.99,60.8,113.09,139.7,112.25,124,1402-11-04
پاکدشت,تهران,2024-01-25,13.1,0.3,6.48,10.0,-2.4,0.0,0.0,0.0,11.0,70.62,23.25,44.2,40.97,77.1,103.08,124,1402-11-05
پاکدشت,تهران,2024-01-26,11.3,-0.5,6.13,8.6,-4.2,0.0,0.0,0.0,9.4,68.38,17.58,33.4,30.66,51.5,66.96,77,1402-11-06
پاکدشت,تهران,2024-01-27,9.9,2.1,5.77,7.9,-0.9,3.6,3.6,0.0,6.5,78.71,23.97,38.1,40.97,59.8,73.83,78,1402-11-07
پاکدشت,تهران,2024-01-28,10.4,-0.9,4.53,4.4,-5.0,0.2,0.2,0.0,23.5,63.21,19.88,38.0,32.43,58.1,74.5,78,1402-11-08
پاکدشت,تهران,2024-01-29,10.1,-2.9,2.45,6.6,-6.7,0.0,0.0,0.0,11.1,56.38,23.1,51.6,44.11,87.8,69.42,75,1402-11-09
پاکدشت,تهران,2024-01-30,10.2,-1.8,3.78,6.6,-5.6,0.2,0.2,0.0,9.7,57.12,29.32,56.8,55.05,92.7,82.71,88,1402-11-10
پاکدشت,تهران,2024-01-31,8.1,-0.4,3.93,3.9,-4.5,0.5,0.2,0.21,10.9,61.71,31.0,55.8,56.49,85.4,91.25,93,1402-11-11
پاکدشت,تهران,2024-02-01,5.7,2.1,3.74,2.6,-0.9,2.5,1.4,0.77,7.4,73.04,28.0,38.4,51.13,71.9,90.71,92,1402-11-12
پاکدشت,تهران,2024-02-02,3.6,0.3,1.89,0.6,-2.8,8.8,3.1,3.99,12.9,89.17,33.17,44.6,61.85,83.8,90.88,96,1402-11-13
پاکدشت,تهران,2024-02-03,8.0,-3.8,1.09,4.5,-7.5,0.0,0.0,0.0,7.3,62.67,25.97,54.0,41.88,88.0,84.25,96,1402-11-14
پاکدشت,تهران,2024-02-04,8.0,-5.8,0.5,4.2,-10.0,0.0,0.0,0.0,11.7,57.38,33.8,60.1,56.75,94.8,89.88,97,1402-11-15
پاکدشت,تهران,2024-02-05,10.0,-3.3,2.95,5.4,-7.4,0.2,0.2,0.0,23.2,61.04,24.39,45.8,37.25,67.3,90.5,97,1402-11-16
پاکدشت,تهران,2024-02-06,11.6,1.9,6.86,6.5,-1.4,2.0,1.0,0.7,31.5,57.04,19.2,40.2,28.56,57.7,77.25,80,1402-11-17
پاکدشت,تهران,2024-02-07,11.7,-1.2,4.53,7.8,-5.0,0.0,0.0,0.0,12.5,59.46,26.48,59.3,38.05,84.8,69.54,81,1402-11-18
پاکدشت,تهران,2024-02-08,13.9,-0.5,5.75,10.8,-4.3,0.0,0.0,0.0,8.9,55.21,35.68,72.4,51.55,104.5,90.79,99,1402-11-19
پاکدشت,تهران,2024-02-09,15.8,0.1,6.84,12.3,-3.4,0.0,0.0,0.0,13.4,54.38,31.68,53.1,46.6,77.1,103.46,107,1402-11-20
پاکدشت,تهران,2024-02-10,16.8,1.0,8.32,13.5,-2.6,0.0,0.0,0.0,8.4,45.33,26.93,58.4,39.81,85.0,84.54,93,1402-11-21
پاکدشت,تهران,2024-02-11,17.2,2.4,9.08,14.1,-1.3,0.0,0.0,0.0,8.7,47.08,29.19,62.9,47.93,94.8,86.21,88,1402-11-22
پاکدشت,تهران,2024-02-12,17.5,2.0,9.19,14.7,-1.5,0.0,0.0,0.0,7.9,48.92,32.93,73.1,56.13,114.6,88.12,94,1402-11-23
پاکدشت,تهران,2024-02-13,19.0,2.1,10.08,16.2,-1.6,0.0,0.0,0.0,7.8,44.96,39.24,79.6,67.56,123.9,104.25,109,1402-11-24
پاکدشت,تهران,2024-02-14,20.3,4.5,12.09,17.2,0.7,0.2,0.2,0.0,12.0,37.58,32.62,63.1,57.22,97.6,107.38,111,1402-11-25
پاکدشت,تهران,2024-02-15,21.2,7.3,14.2,18.0,4.3,1.7,1.7,0.0,10.3,38.92,21.5,53.6,48.65,82.4,86.67,95,1402-11-26
پاکدشت,تهران,2024-02-16,14.8,9.4,11.79,13.5,7.4,13.3,13.3,0.0,13.6,72.25,22.67,39.8,37.27,58.1,69.83,75,1402-11-27
پاکدشت,تهران,2024-02-17,14.6,5.4,9.68,12.8,2.4,0.0,0.0,0.0,17.5,69.71,26.77,54.9,47.13,80.6,83.46,87,1402-11-28
پاکدشت,تهران,2024-02-18,12.0,3.0,6.81,8.5,-0.1,0.0,0.0,0.0,12.6,66.08,20.08,45.8,29.96,67.1,73.17,84,1402-11-29
پاکدشت,تهران,2024-02-19,9.2,3.5,5.84,6.1,0.5,0.0,0.0,0.0,10.9,67.12,29.85,68.0,47.53,102.7,75.46,87,1402-11-30
پاکدشت,تهران,2024-02-20,10.9,2.4,6.24,7.8,-0.7,0.0,0.0,0.0,7.1,64.25,35.61,69.4,55.92,105.0,98.88,102,1402-12-01
پاکدشت,تهران,2024-02-21,12.2,-0.7,6.02,8.9,-4.7,0.5,0.5,0.0,9.9,62.88,35.57,73.8,57.24,112.5,97.0,100,1402-12-02
پاکدشت,تهران,2024-02-22,12.6,0.5,6.33,9.7,-3.4,6.8,4.5,1.61,11.9,67.17,34.53,66.4,55.28,100.4,104.38,109,1402-12-03
پاکدشت,تهران,2024-02-23,14.7,0.7,7.58,12.0,-3.5,0.0,0.0,0.0,10.8,59.29,33.22,62.4,52.27,92.7,95.5,98,1402-12-04
پاکدشت,تهران,2024-02-24,13.9,3.0,8.67,10.2,-0.2,0.0,0.0,0.0,15.6,58.42,31.72,52.9,55.14,92.4,96.92,98,1402-12-05
پاکدشت,تهران,2024-02-25,7.2,1.9,3.82,5.3,-0.9,11.1,11.1,0.0,11.4,86.29,10.32,19.6,15.88,35.5,74.62,93,1402-12-06
پاکدشت,تهران,2024-02-26,5.7,0.6,2.34,2.2,-2.3,1.4,0.4,0.7,12.0,73.46,9.87,20.9,14.24,30.3,49.33,52,1402-12-07
پاکدشت,تهران,2024-02-27,5.5,-2.4,1.9,1.7,-6.0,0.2,0.2,0.0,8.8,64.21,15.96,27.5,23.75,41.8,56.0,62,1402-12-08
پاکدشت,تهران,2024-02-28,4.7,0.8,2.06,1.5,-3.1,2.2,0.3,1.4,10.8,68.29,20.5,31.4,32.07,51.6,69.38,72,1402-12-09
پاکدشت,تهران,2024-02-29,6.2,-4.1,1.3,3.3,-8.5,0.8,0.0,0.56,11.2,59.5,18.18,34.1,26.58,50.1,68.25,72,1402-12-10
پاکدشت,تهران,2024-03-01,7.2,-7.1,-0.31,3.3,-12.0,0.0,0.0,0.0,11.1,48.08,29.52,68.2,43.26,99.7,71.75,86,1402-12-11
پاکدشت,تهران,2024-03-02,9.2,-6.1,1.27,6.0,-11.0,0.0,0.0,0.0,10.8,47.96,38.52,85.2,56.31,124.3,97.08,106,1402-12-12
پاکدشت,تهران,2024-03-03,11.2,-3.1,3.9,9.0,-7.2,0.0,0.0,0.0,6.8,50.08,47.12,90.8,71.12,135.5,119.25,128,1402-12-13
پاکدشت,تهران,2024-03-04,11.3,-0.9,5.71,7.2,-4.7,0.0,0.0,0.0,12.3,53.54,41.56,61.9,78.1,129.0,132.12,139,1402-12-14
پاکدشت,تهران,2024-03-05,11.7,3.0,6.75,7.8,0.0,0.3,0.3,0.0,11.6,65.08,58.76,94.8,135.95,205.4,128.42,152,1402-12-15
پاکدشت,تهران,2024-03-06,15.1,-1.5,7.15,11.5,-5.2,0.0,0.0,0.0,15.5,57.21,38.78,68.0,73.32,118.3,135.29,153,1402-12-16
پاکدشت,تهران,2024-03-07,17.1,1.2,9.43,13.0,-2.3,0.3,0.3,0.0,15.1,53.38,27.39,45.3,59.94,79.2,100.83,108,1402-12-17
پاکدشت,تهران,2024-03-08,17.2,3.0,9.85,13.1,-0.5,0.7,0.7,0.0,21.2,53.67,30.85,56.6,75.22,99.9,82.54,91,1402-12-18
پاکدشت,تهران,2024-03-09,16.2,3.5,9.45,11.0,-0.2,0.0,0.0,0.0,21.1,38.88,22.7,48.2,35.36,69.8,85.75,93,1402-12-19
پاکدشت,تهران,2024-03-10,17.3,2.4,10.27,13.8,-1.4,0.2,0.2,0.0,17.9,39.67,20.72,34.3,48.05,82.0,75.54,78,1402-12-20
پاکدشت,تهران,2024-03-11,13.0,4.4,8.53,10.5,0.7,1.8,1.8,0.0,16.1,64.62,31.57,57.4,77.83,117.3,78.92,91,1402-12-21
پاکدشت,تهران,2024-03-12,16.6,1.0,8.83,13.0,-2.5,0.0,0.0,0.0,16.6,48.46,22.85,51.1,34.72,84.5,89.33,96,1402-12-22
پاکدشت,تهران,2024-03-13,17.0,3.2,10.29,13.9,-0.0,0.0,0.0,0.0,9.0,40.75,30.21,60.5,48.5,91.7,78.17,89,1402-12-23
پاکدشت,تهران,2024-03-14,20.0,4.6,12.71,17.2,0.9,0.0,0.0,0.0,9.8,33.75,30.28,52.6,49.7,79.4,96.62,100,1402-12-24
پاکدشت,تهران,2024-03-15,20.0,7.8,13.74,17.2,4.1,2.6,2.6,0.0,15.5,41.71,34.43,56.9,102.4,195.1,90.29,98,1402-12-25
پاکدشت,تهران,2024-03-16,22.0,5.9,12.82,19.8,3.1,0.4,0.4,0.0,26.7,59.21,30.5,44.1,71.13,111.3,96.96,103,1402-12-26
پاکدشت,تهران,2024-03-17,20.2,4.5,12.88,16.4,1.3,0.1,0.1,0.0,17.2,43.92,21.8,38.5,40.57,59.4,80.17,91,1402-12-27
پاکدشت,تهران,2024-03-18,22.6,6.0,14.61,20.2,2.7,1.5,1.5,0.0,20.9,43.46,19.52,34.5,49.88,85.7,73.79,75,1402-12-28
پاکدشت,تهران,2024-03-19,18.2,12.0,14.91,15.7,10.4,2.4,2.4,0.0,17.0,54.04,25.1,41.7,51.39,69.4,72.38,80,1402-12-29
پاکدشت,تهران,2024-03-20,16.0,8.1,12.35,13.6,6.0,3.5,3.5,0.0,17.6,62.29,17.75,33.4,33.18,50.3,74.21,80,1403-01-01
پاکدشت,تهران,2024-03-21,19.0,6.7,12.46,15.3,3.9,0.0,0.0,0.0,20.2,47.54,21.3,46.4,37.27,70.5,67.46,72,1403-01-02
پاکدشت,تهران,2024-03-22,19.8,5.3,12.96,16.2,2.0,0.0,0.0,0.0,12.0,46.75,19.64,34.8,35.09,54.5,75.17,77,1403-01-03
پاکدشت,تهران,2024-03-23,21.3,7.7,14.5,17.9,4.9,0.0,0.0,0.0,19.7,41.25,23.98,38.3,51.88,69.2,72.54,78,1403-01-04
پاکدشت,تهران,2024-03-24,23.7,7.0,16.5,21.1,3.8,0.0,0.0,0.0,19.9,33.46,19.19,39.6,37.72,60.3,79.62,83,1403-01-05
پاکدشت,تهران,2024-03-25,17.0,9.1,13.65,13.9,7.4,11.8,11.8,0.0,28.2,64.88,21.45,49.2,42.36,76.4,64.75,73,1403-01-06
پاکدشت,تهران,2024-03-26,16.9,6.3,11.55,13.2,2.7,0.0,0.0,0.0,27.8,51.25,18.5,35.3,36.37,55.4,71.12,75,1403-01-07
پاکدشت,تهران,2024-03-27,17.6,7.5,12.66,14.0,3.9,0.0,0.0,0.0,24.2,49.33,20.47,34.6,39.1,57.3,71.67,73,1403-01-08
پاکدشت,تهران,2024-03-28,18.1,7.1,12.36,14.3,4.0,0.0,0.0,0.0,16.3,44.29,22.76,35.9,37.4,53.2,73.29,76,1403-01-09
پاکدشت,تهران,2024-03-29,18.7,2.6,11.16,15.7,-1.5,0.0,0.0,0.0,11.9,43.71,21.89,49.0,33.46,71.0,70.67,76,1403-01-10
پاکدشت,تهران,2024-03-30,21.0,4.2,13.14,19.0,0.8,0.0,0.0,0.0,9.3,35.92,26.27,52.4,39.12,76.6,80.75,84,1403-01-11
پاکدشت,تهران,2024-03-31,22.5,5.7,14.94,19.4,2.1,0.0,0.0,0.0,20.8,29.75,21.44,40.3,33.57,58.8,83.21,85,1403-01-12
پاکدشت,تهران,2024-04-01,21.6,5.7,14.49,18.7,2.3,0.0,0.0,0.0,17.3,30.83,16.81,33.4,25.88,49.2,64.62,73,1403-01-13
پاکدشت,تهران,2024-04-02,20.2,7.1,13.96,17.0,3.7,0.0,0.0,0.0,11.0,29.62,20.22,46.8,36.59,72.2,66.33,70,1403-01-14
پاکدشت,تهران,2024-04-03,22.6,7.4,16.18,19.7,3.7,0.0,0.0,0.0,9.6,26.33,26.84,49.7,42.73,76.1,81.71,85,1403-01-15
پاکدشت,تهران,2024-04-04,26.5,7.8,18.41,22.6,4.4,0.0,0.0,0.0,14.1,25.67,25.64,43.4,39.63,64.3,82.12,84,1403-01-16
پاکدشت,تهران,2024-04-05,28.2,11.1,20.19,24.1,7.9,0.0,0.0,0.0,18.3,24.0,23.08,43.4,34.67,63.3,80.54,82,1403-01-17
پاکدشت,تهران,2024-04-06,28.4,11.3,20.84,25.0,8.0,0.0,0.0,0.0,16.4,23.46,18.8,37.4,35.58,60.8,70.92,77,1403-01-18
پاکدشت,تهران,2024-04-07,28.8,13.1,22.03,24.2,9.6,0.0,0.0,0.0,19.7,21.04,20.47,38.1,38.65,62.2,75.5,104,1403-01-19
پاکدشت,تهران,2024-04-08,27.5,13.6,20.49,24.1,10.7,0.0,0.0,0.0,19.1,27.67,22.45,34.2,49.81,79.6,73.96,77,1403-01-20
پاکدشت,تهران,2024-04-09,27.3,12.6,20.95,24.2,10.1,0.0,0.0,0.0,14.8,28.71,22.98,37.6,48.13,62.9,76.58,88,1403-01-21
پاکدشت,تهران,2024-04-10,29.1,16.1,22.95,23.4,14.1,2.6,2.6,0.0,30.6,26.71,24.36,63.1,67.06,223.1,76.58,77,1403-01-22
پاکدشت,تهران,2024-04-11,23.2,11.8,17.11,19.5,8.4,4.1,4.1,0.0,22.9,48.04,26.24,52.9,76.17,163.9,89.58,94,1403-01-23
پاکدشت,تهران,2024-04-12,21.6,7.7,14.05,18.6,5.3,0.0,0.0,0.0,22.2,38.83,13.45,18.6,28.06,48.7,63.62,83,1403-01-24
پاکدشت,تهران,2024-04-13,19.0,6.4,13.55,14.7,2.5,0.0,0.0,0.0,19.5,28.79,16.87,42.7,32.97,68.0,57.79,63,1403-01-25
پاکدشت,تهران,2024-04-14,21.6,7.9,15.38,17.8,4.9,0.0,0.0,0.0,12.8,29.33,24.18,45.2,43.29,70.3,74.96,78,1403-01-26
پاکدشت,تهران,2024-04-15,23.0,10.1,17.42,20.8,7.0,0.0,0.0,0.0,13.4,25.83,22.94,41.7,42.43,67.8,81.04,89,1403-01-27
پاکدشت,تهران,2024-04-16,24.2,12.1,18.85,21.4,8.7,0.0,0.0,0.0,14.4,24.04,21.84,38.0,39.45,66.8,73.83,76,1403-01-28
پاکدشت,تهران,2024-04-17,26.4,10.7,19.74,23.3,7.7,0.0,0.0,0.0,19.1,26.21,26.95,50.3,46.09,80.8,74.67,82,1403-01-29
پاکدشت,تهران,2024-04-18,26.4,12.5,20.09,23.2,10.0,0.0,0.0,0.0,11.8,25.29,30.93,46.4,63.66,80.3,91.29,95,1403-01-30
پاکدشت,تهران,2024-04-19,29.7,12.6,21.98,27.2,9.1,0.0,0.0,0.0,20.3,20.92,25.57,39.5,43.19,61.9,91.79,121,1403-01-31
پاکدشت,تهران,2024-04-20,28.0,15.0,22.19,26.2,12.0,0.0,0.0,0.0,19.8,25.29,19.83,36.2,33.28,54.5,83.83,123,1403-02-01
پاکدشت,تهران,2024-04-21,30.0,15.8,23.05,26.5,12.9,0.0,0.0,0.0,26.8,24.75,20.13,32.6,51.97,85.2,75.17,99,1403-02-02
پاکدشت,تهران,2024-04-22,28.0,16.0,22.18,25.8,13.8,0.0,0.0,0.0,22.6,33.0,24.81,31.3,67.17,93.1,79.67,97,1403-02-03
پاکدشت,تهران,2024-04-23,17.5,14.1,15.52,16.6,13.5,9.1,9.1,0.0,12.5,74.75,31.66,42.4,63.72,115.9,87.04,93,1403-02-04
پاکدشت,تهران,2024-04-24,21.3,12.2,15.7,19.3,10.5,1.3,1.3,0.0,14.5,67.75,21.18,49.6,33.11,75.2,76.29,93,1403-02-05
پاکدشت,تهران,2024-04-25,23.8,9.7,16.81,22.1,7.7,0.0,0.0,0.0,9.2,56.79,25.03,45.9,41.73,74.7,89.38,136,1403-02-06
پاکدشت,تهران,2024-04-26,25.7,11.1,18.9,24.2,9.3,0.0,0.0,0.0,14.5,49.08,29.34,46.1,53.04,74.5,91.17,117,1403-02-07
پاکدشت,تهران,2024-04-27,26.3,11.0,19.35,23.4,8.9,0.0,0.0,0.0,15.2,36.29,27.25,42.8,54.19,72.2,86.25,90,1403-02-08
پاکدشت,تهران,2024-04-28,27.5,11.4,20.77,24.6,8.2,0.0,0.0,0.0,13.9,26.92,18.68,38.5,37.06,61.9,79.29,94,1403-02-09
پاکدشت,تهران,2024-04-29,28.7,13.8,22.33,26.0,11.0,0.0,0.0,0.0,12.0,23.62,19.91,35.0,41.3,59.8,73.5,100,1403-02-10
پاکدشت,تهران,2024-04-30,28.6,16.5,23.53,25.1,13.7,0.0,0.0,0.0,18.3,16.54,18.7,29.7,38.51,53.1,72.08,83,1403-02-11
پاکدشت,تهران,2024-05-01,28.4,20.0,23.76,23.0,16.1,0.0,0.0,0.0,24.0,12.67,18.52,32.5,38.9,60.5,69.62,75,1403-02-12
پاکدشت,تهران,2024-05-02,21.8,15.3,19.1,18.4,14.9,2.3,2.3,0.0,15.4,40.33,27.16,43.5,66.3,131.8,73.08,83,1403-02-13
پاکدشت,تهران,2024-05-03,25.1,14.3,19.19,24.7,12.7,2.6,2.6,0.0,18.0,52.75,29.07,44.5,60.17,97.6,92.71,96,1403-02-14
پاکدشت,تهران,2024-05-04,24.6,12.8,18.82,21.9,12.1,1.1,1.1,0.0,22.9,54.58,18.86,32.2,37.03,50.3,73.42,88,1403-02-15
پاکدشت,تهران,2024-05-05,26.5,13.3,20.09,24.1,11.0,0.1,0.1,0.0,21.0,41.62,18.32,29.2,40.87,52.9,69.08,71,1403-02-16
پاکدشت,تهران,2024-05-06,23.2,14.2,18.14,21.2,12.8,2.6,2.6,0.0,14.6,52.08,26.24,42.0,93.05,197.0,71.5,81,1403-02-17
پاکدشت,تهران,2024-05-07,21.8,13.5,17.17,22.8,11.8,4.7,4.7,0.0,20.2,67.83,32.39,41.7,115.49,190.0,93.71,100,1403-02-18
پاکدشت,تهران,2024-05-08,23.8,11.0,17.85,21.9,9.2,0.5,0.5,0.0,13.5,50.67,22.18,33.6,81.75,141.6,89.21,119,1403-02-19
پاکدشت,تهران,2024-05-09,24.3,11.0,17.84,22.5,9.3,0.0,0.0,0.0,13.4,41.42,13.64,28.7,31.88,53.3,78.12,109,1403-02-20
پاکدشت,تهران,2024-05-10,25.4,12.1,19.42,24.2,10.0,0.0,0.0,0.0,9.4,34.83,14.86,34.2,26.91,51.1,72.29,124,1403-02-21
پاکدشت,تهران,2024-05-11,28.5,12.2,21.8,26.6,9.6,0.0,0.0,0.0,13.4,33.08,15.76,30.6,28.17,47.6,82.38,143,1403-02-22
پاکدشت,تهران,2024-05-12,32.7,15.3,25.07,29.7,12.6,0.0,0.0,0.0,20.1,26.75,17.8,26.8,59.4,188.1,77.71,125,1403-02-23
پاکدشت,تهران,2024-05-13,28.4,19.1,23.07,25.3,17.5,2.5,2.5,0.0,27.7,40.46,28.65,43.7,110.48,220.3,72.17,86,1403-02-24
پاکدشت,تهران,2024-05-14,27.4,16.6,21.87,24.9,13.2,0.5,0.5,0.0,24.5,44.54,33.48,38.9,104.29,175.6,97.75,108,1403-02-25
پاکدشت,تهران,2024-05-15,30.0,15.9,23.79,28.0,14.0,0.0,0.0,0.0,15.9,25.62,17.6,30.5,44.28,56.0,89.33,113,1403-02-26
پاکدشت,تهران,2024-05-16,30.6,15.8,23.63,28.2,13.6,0.0,0.0,0.0,19.7,26.96,15.58,23.2,44.2,71.5,82.38,134,1403-02-27
پاکدشت,تهران,2024-05-17,27.1,16.2,22.18,24.1,14.6,0.7,0.7,0.0,23.4,33.25,22.87,29.9,83.95,149.0,76.21,115,1403-02-28
پاکدشت,تهران,2024-05-18,27.5,16.8,22.08,21.9,14.1,0.0,0.0,0.0,30.6,25.33,11.95,18.5,22.3,35.5,81.12,113,1403-02-29
پاکدشت,تهران,2024-05-19,26.4,14.2,20.81,24.1,11.9,0.0,0.0,0.0,26.7,30.75,15.02,37.1,24.19,55.4,67.5,117,1403-02-30
پاکدشت,تهران,2024-05-20,29.3,15.5,23.68,27.2,12.4,0.0,0.0,0.0,13.6,22.21,20.14,38.6,44.4,65.0,76.92,113,1403-02-31
پاکدشت,تهران,2024-05-21,31.5,19.0,23.72,30.0,16.5,5.7,5.7,0.0,29.1,35.62,27.75,36.9,85.09,115.0,79.96,105,1403-03-01
پاکدشت,تهران,2024-05-22,29.8,16.7,22.9,29.1,14.4,1.7,1.7,0.0,25.7,44.5,32.24,37.8,84.22,99.4,92.79,109,1403-03-02
پاکدشت,تهران,2024-05-23,28.8,15.8,22.89,28.1,15.6,3.2,3.2,0.0,17.7,43.79,27.28,44.1,63.01,107.8,95.88,103,1403-03-03
پاکدشت,تهران,2024-05-24,30.9,16.4,24.22,30.1,15.6,0.1,0.1,0.0,24.1,34.96,19.23,33.5,33.43,52.6,92.33,142,1403-03-04
پاکدشت,تهران,2024-05-25,31.4,18.0,25.65,29.0,16.5,1.0,1.0,0.0,30.4,28.67,20.17,36.8,38.68,56.8,87.83,136,1403-03-05
پاکدشت,تهران,2024-05-26,32.9,19.1,26.32,30.1,17.5,0.0,0.0,0.0,19.8,29.54,18.2,24.4,60.98,93.1,68.5,93,1403-03-06
پاکدشت,تهران,2024-05-27,35.3,19.5,28.09,32.9,17.5,0.0,0.0,0.0,18.9,23.21,18.75,24.1,52.18,89.2,84.12,133,1403-03-07
پاکدشت,تهران,2024-05-28,35.1,18.8,27.94,33.7,17.4,0.0,0.0,0.0,16.4,23.92,14.92,27.8,32.59,51.1,82.33,142,1403-03-08
پاکدشت,تهران,2024-05-29,34.4,19.5,28.34,32.9,18.2,0.0,0.0,0.0,17.6,21.92,17.26,33.4,34.2,53.4,91.21,163,1403-03-09
پاکدشت,تهران,2024-05-30,36.2,20.5,29.6,34.5,18.3,0.0,0.0,0.0,13.9,18.54,17.72,31.1,36.63,52.5,88.92,157,1403-03-10
پاکدشت,تهران,2024-05-31,37.6,21.1,30.88,35.9,18.9,0.0,0.0,0.0,10.9,16.96,16.33,27.5,34.31,43.5,79.71,128,1403-03-11
پاکدشت,تهران,2024-06-01,38.8,23.4,32.19,36.2,19.9,0.0,0.0,0.0,21.9,13.17,16.46,30.4,37.43,56.0,71.62,107,1403-03-12
پاکدشت,تهران,2024-06-02,36.7,23.8,29.79,34.5,21.0,0.0,0.0,0.0,18.9,18.21,13.56,24.6,26.82,46.7,95.33,172,1403-03-13
پاکدشت,تهران,2024-06-03,33.5,19.6,27.28,31.6,17.5,0.0,0.0,0.0,11.0,23.21,13.35,32.8,27.34,52.3,89.5,173,1403-03-14
پاکدشت,تهران,2024-06-04,32.8,20.6,27.45,31.2,18.7,0.0,0.0,0.0,12.4,24.0,15.68,28.4,27.69,43.8,85.75,147,1403-03-15
پاکدشت,تهران,2024-06-05,33.2,21.2,27.69,30.4,19.5,0.0,0.0,0.0,13.2,22.33,19.12,31.7,35.3,50.1,85.71,151,1403-03-16
پاکدشت,تهران,2024-06-06,32.7,21.8,28.05,31.2,19.8,0.0,0.0,0.0,19.1,22.25,17.22,27.2,33.92,47.3,79.42,118,1403-03-17
پاکدشت,تهران,2024-06-07,34.0,22.1,28.96,32.1,20.4,0.0,0.0,0.0,12.6,18.79,14.9,29.0,28.32,45.2,76.21,120,1403-03-18
پاکدشت,تهران,2024-06-08,35.6,21.1,29.61,33.0,19.0,0.0,0.0,0.0,15.9,16.54,12.1,23.4,29.47,39.9,74.04,118,1403-03-19
پاکدشت,تهران,2024-06-09,37.0,22.1,30.95,33.4,18.3,0.0,0.0,0.0,18.0,11.12,10.93,17.2,28.27,39.3,69.33,116,1403-03-20
پاکدشت,تهران,2024-06-10,38.7,23.0,32.06,35.3,19.0,0.0,0.0,0.0,28.0,12.0,13.85,24.8,31.65,47.8,71.92,122,1403-03-21
پاکدشت,تهران,2024-06-11,37.5,23.8,32.19,35.4,21.0,0.1,0.1,0.0,20.1,15.38,21.43,26.8,60.22,88.5,80.08,126,1403-03-22
پاکدشت,تهران,2024-06-12,38.5,23.6,32.17,36.9,22.1,0.0,0.0,0.0,10.8,15.62,21.35,33.1,55.24,67.5,85.5,127,1403-03-23
پاکدشت,تهران,2024-06-13,37.0,24.3,31.19,36.7,21.7,0.0,0.0,0.0,36.0,17.33,21.61,33.5,58.59,91.7,84.21,128,1403-03-24
پاکدشت,تهران,2024-06-14,35.0,23.6,29.48,34.8,22.7,0.1,0.1,0.0,26.0,26.42,29.12,36.8,74.71,98.7,99.92,150,1403-03-25
پاکدشت,تهران,2024-06-15,33.6,22.7,28.97,33.6,22.0,0.0,0.0,0.0,13.8,28.67,31.17,37.8,73.48,100.4,113.79,171,1403-03-26
پاکدشت,تهران,2024-06-16,37.5,23.4,30.97,36.2,22.8,0.0,0.0,0.0,19.5,25.04,23.2,34.8,49.54,74.5,112.12,176,1403-03-27
پاکدشت,تهران,2024-06-17,36.8,24.5,31.28,36.4,23.7,0.0,0.0,0.0,15.1,24.0,20.22,31.7,39.95,50.9,102.21,167,1403-03-28
پاکدشت,تهران,2024-06-18,36.8,24.9,31.42,36.2,23.8,0.0,0.0,0.0,17.0,22.33,19.71,36.2,36.41,55.8,103.29,179,1403-03-29
پاکدشت,تهران,2024-06-19,36.0,24.9,30.99,35.8,23.7,0.0,0.0,0.0,14.1,24.71,20.69,35.0,39.09,53.4,107.79,183,1403-03-30
پاکدشت,تهران,2024-06-20,35.6,24.5,29.9,35.1,23.9,0.0,0.0,0.0,16.3,27.04,19.69,36.2,39.02,57.6,110.79,191,1403-03-31
پاکدشت,تهران,2024-06-21,35.6,23.5,30.2,34.0,22.8,0.0,0.0,0.0,13.3,25.96,20.85,35.2,38.59,54.5,97.62,163,1403-04-01
پاکدشت,تهران,2024-06-22,36.0,24.5,30.9,35.2,23.2,0.0,0.0,0.0,14.2,22.5,19.01,32.4,35.92,48.2,96.67,161,1403-04-02
پاکدشت,تهران,2024-06-23,36.9,25.9,31.19,35.5,24.3,0.0,0.0,0.0,24.6,22.42,20.95,31.5,54.83,74.7,72.08,86,1403-04-03
پاکدشت,تهران,2024-06-24,35.4,24.3,29.3,35.3,23.2,0.5,0.5,0.0,30.0,28.92,23.97,31.3,67.58,78.2,76.92,82,1403-04-04
پاکدشت,تهران,2024-06-25,37.0,23.4,31.55,34.4,22.6,0.0,0.0,0.0,21.7,24.79,24.3,37.0,62.82,79.9,80.0,97,1403-04-05
پاکدشت,تهران,2024-06-26,37.3,25.5,32.0,35.0,22.3,0.4,0.4,0.0,24.1,22.04,22.33,34.5,57.38,90.6,87.17,113,1403-04-06
پاکدشت,تهران,2024-06-27,37.5,23.7,31.63,36.8,23.2,0.0,0.0,0.0,12.8,23.88,19.53,26.8,45.26,63.6,98.96,170,1403-04-07
پاکدشت,تهران,2024-06-28,37.6,24.6,31.98,35.9,23.6,0.0,0.0,0.0,17.4,22.96,20.9,27.1,63.07,118.0,75.29,102,1403-04-08
پاکدشت,تهران,2024-06-29,38.3,25.9,32.72,37.4,25.2,0.0,0.0,0.0,14.0,23.04,34.11,47.3,98.88,170.0,81.29,97,1403-04-09
پاکدشت,تهران,2024-06-30,37.7,24.8,31.77,37.0,24.4,0.0,0.0,0.0,14.4,26.12,32.14,43.9,88.14,140.6,103.92,119,1403-04-10
کرج,البرز,2023-11-01,21.3,12.0,16.17,17.7,9.3,0.1,0.1,0.0,15.0,42.71,21.86,31.7,44.83,54.8,73.04,77,1402-08-10
کرج,البرز,2023-11-02,21.0,10.8,15.36,17.7,9.2,1.2,1.2,0.0,16.1,51.04,23.46,31.8,49.72,65.4,73.42,77,1402-08-11
کرج,البرز,2023-11-03,19.3,10.9,14.0,16.0,9.1,0.0,0.0,0.0,14.0,60.42,17.16,32.2,29.67,53.2,76.96,83,1402-08-12
کرج,البرز,2023-11-04,16.3,9.4,12.5,14.6,7.9,1.0,1.0,0.0,10.9,69.75,14.6,24.5,26.92,49.5,59.79,65,1402-08-13
کرج,البرز,2023-11-05,16.6,7.4,12.05,15.0,5.8,0.2,0.2,0.0,8.7,69.79,11.14,21.0,16.72,30.5,56.67,61,1402-08-14
کرج,البرز,2023-11-06,18.7,7.9,12.61,16.5,5.9,0.0,0.0,0.0,7.2,52.92,11.37,21.4,17.14,31.2,55.75,58,1402-08-15
کرج,البرز,2023-11-07,19.4,8.7,13.39,16.1,6.1,0.0,0.0,0.0,8.8,43.33,12.5,24.7,18.57,36.3,52.92,56,1402-08-16
کرج,البرز,2023-11-08,18.6,5.8,12.05,15.9,3.0,0.0,0.0,0.0,9.9,55.54,11.1,23.2,16.21,33.6,57.04,60,1402-08-17
کرج,البرز,2023-11-09,18.2,7.5,12.21,15.2,4.6,0.0,0.0,0.0,8.9,50.54,18.31,29.7,28.25,44.0,60.71,68,1402-08-18
کرج,البرز,2023-11-10,21.3,8.8,15.05,17.5,5.7,0.0,0.0,0.0,12.5,32.25,11.95,26.9,19.22,39.3,63.04,68,1402-08-19
کرج,البرز,2023-11-11,19.3,8.5,13.85,16.8,5.2,0.0,0.0,0.0,9.8,44.58,13.42,28.7,22.69,43.8,54.88,62,1402-08-20
کرج,البرز,2023-11-12,20.1,9.0,13.74,17.4,6.3,0.0,0.0,0.0,7.9,42.83,16.72,31.8,27.5,48.9,64.04,68,1402-08-21
کرج,البرز,2023-11-13,20.5,9.5,14.23,17.8,6.7,0.0,0.0,0.0,6.9,38.42,15.06,27.5,23.73,41.6,61.04,65,1402-08-22
کرج,البرز,2023-11-14,20.6,9.1,13.78,17.0,5.9,0.0,0.0,0.0,8.8,34.67,17.69,31.4,28.07,47.0,63.42,67,1402-08-23
کرج,البرز,2023-11-15,19.1,10.0,14.48,15.3,6.6,0.0,0.0,0.0,10.4,30.62,16.59,27.4,26.92,43.0,66.54,69,1402-08-24
کرج,البرز,2023-11-16,19.0,11.0,14.61,15.8,7.8,0.0,0.0,0.0,13.4,38.83,11.97,21.0,20.98,36.3,62.58,65,1402-08-25
کرج,البرز,2023-11-17,18.4,8.4,13.14,13.9,5.8,0.0,0.0,0.0,22.1,47.5,7.09,10.6,11.33,17.1,47.62,56,1402-08-26
کرج,البرز,2023-11-18,18.0,7.0,12.22,14.2,4.0,0.0,0.0,0.0,13.6,49.38,8.15,16.8,12.96,24.6,42.04,48,1402-08-27
کرج,البرز,2023-11-19,19.3,7.1,12.4,15.2,3.8,0.0,0.0,0.0,13.4,42.62,9.67,21.5,14.65,31.5,48.79,51,1402-08-28
کرج,البرز,2023-11-20,17.7,8.0,11.95,12.2,5.3,9.2,9.2,0.0,25.5,47.92,7.02,11.6,12.19,20.2,48.92,51,1402-08-29
کرج,البرز,2023-11-21,11.3,3.6,6.65,7.4,-0.8,4.0,3.9,0.07,20.1,64.79,4.78,12.1,15.38,39.7,33.08,39,1402-08-30
کرج,البرز,2023-11-22,10.9,0.2,4.7,6.0,-3.8,0.0,0.0,0.0,16.0,42.17,14.54,30.4,30.94,54.5,48.88,60,1402-09-01
کرج,البرز,2023-11-23,12.9,2.5,7.05,8.5,-1.6,0.0,0.0,0.0,9.7,35.08,17.24,43.1,25.7,61.9,58.12,65,1402-09-02
کرج,البرز,2023-11-24,13.7,3.7,8.67,10.3,-0.3,0.0,0.0,0.0,8.0,33.25,16.42,37.8,24.82,56.0,67.62,69,1402-09-03
کرج,البرز,2023-11-25,15.1,2.1,7.99,12.0,-1.7,0.0,0.0,0.0,6.8,37.92,12.82,32.1,19.13,46.2,61.42,64,1402-09-04
کرج,البرز,2023-11-26,16.0,7.1,10.6,12.7,3.5,0.0,0.0,0.0,9.1,33.29,13.33,27.4,20.6,40.6,58.58,60,1402-09-05
کرج,البرز,2023-11-27,16.9,7.1,11.57,13.8,4.1,0.0,0.0,0.0,12.3,50.25,17.28,29.5,33.76,51.5,60.33,65,1402-09-06
کرج,البرز,2023-11-28,14.1,4.6,9.6,10.9,0.9,4.3,4.3,0.0,17.6,59.0,11.5,19.7,22.31,35.2,63.96,68,1402-09-07
کرج,البرز,2023-11-29,13.3,1.9,7.1,10.2,-1.5,0.0,0.0,0.0,8.8,53.92,11.46,28.0,19.42,42.7,49.33,55,1402-09-08
کرج,البرز,2023-11-30,14.4,3.5,8.44,11.8,-0.1,0.0,0.0,0.0,8.3,47.33,12.58,27.0,21.18,41.6,56.75,58,1402-09-09
کرج,البرز,2023-12-01,14.7,4.8,9.45,11.0,1.2,0.0,0.0,0.0,8.6,37.54,11.27,22.6,17.43,33.5,55.42,57,1402-09-10
کرج,البرز,2023-12-02,14.8,3.3,8.4,11.5,-0.5,0.0,0.0,0.0,6.9,38.96,13.94,34.5,21.45,51.3,55.08,59,1402-09-11
کرج,البرز,2023-12-03,15.3,6.8,10.82,11.8,2.8,0.0,0.0,0.0,6.2,25.38,14.16,33.3,22.04,49.1,60.0,61,1402-09-12
کرج,البرز,2023-12-04,15.0,8.9,11.51,11.3,4.5,0.0,0.0,0.0,6.5,21.25,9.75,21.7,14.3,31.5,56.75,60,1402-09-13
کرج,البرز,2023-12-05,15.5,3.8,9.65,10.8,-1.6,0.0,0.0,0.0,12.5,24.62,9.71,22.0,13.75,31.4,51.08,52,1402-09-14
کرج,البرز,2023-12-06,14.4,1.7,8.89,9.6,-2.4,0.0,0.0,0.0,10.2,29.46,21.85,39.2,32.47,58.8,61.21,73,1402-09-15
کرج,البرز,2023-12-07,14.6,6.0,9.52,10.4,1.7,0.0,0.0,0.0,16.2,31.88,14.31,20.8,32.94,76.8,70.58,76,1402-09-16
کرج,البرز,2023-12-08,14.8,4.1,8.58,10.7,0.7,0.0,0.0,0.0,12.0,47.17,10.38,17.4,18.45,26.0,56.08,60,1402-09-17
کرج,البرز,2023-12-09,14.1,4.6,8.3,9.6,1.4,0.0,0.0,0.0,12.9,45.79,14.27,27.5,24.92,44.4,53.75,59,1402-09-18
کرج,البرز,2023-12-10,16.1,4.4,9.91,11.5,1.5,0.0,0.0,0.0,15.6,44.54,16.41,28.1,35.69,59.8,65.42,68,1402-09-19
کرج,البرز,2023-12-11,15.2,4.9,9.49,11.7,1.3,0.0,0.0,0.0,14.0,38.33,13.55,25.6,21.87,38.8,58.0,64,1402-09-20
کرج,البرز,2023-12-12,12.6,4.0,8.0,9.2,0.4,0.0,0.0,0.0,7.6,46.29,24.81,45.2,40.61,69.8,69.46,79,1402-09-21
کرج,البرز,2023-12-13,12.3,4.7,7.82,8.1,1.2,0.3,0.3,0.0,11.7,52.5,26.9,42.1,51.74,68.5,85.75,91,1402-09-22
کرج,البرز,2023-12-14,7.5,2.5,5.58,4.4,-0.6,2.4,2.4,0.0,16.9,80.71,11.86,19.8,23.08,63.1,71.29,84,1402-09-23
کرج,البرز,2023-12-15,10.3,-1.9,4.1,5.4,-5.6,0.0,0.0,0.0,16.0,59.21,7.55,13.9,10.14,20.1,41.38,55,1402-09-24
کرج,البرز,2023-12-16,13.3,1.4,6.84,9.9,-3.1,0.0,0.0,0.0,9.1,37.33,11.27,24.7,16.58,35.9,47.71,54,1402-09-25
کرج,البرز,2023-12-17,14.6,3.6,8.92,11.6,-0.4,0.0,0.0,0.0,7.2,37.17,9.39,23.6,13.85,34.0,54.67,56,1402-09-26
کرج,البرز,2023-12-18,9.9,0.2,5.79,6.0,-3.2,0.0,0.0,0.0,14.8,53.42,10.16,16.5,15.25,24.2,55.96,65,1402-09-27
کرج,البرز,2023-12-19,10.0,2.3,5.05,7.2,-0.7,0.0,0.0,0.0,6.9,61.58,14.58,25.7,22.71,38.4,52.92,59,1402-09-28
کرج,البرز,2023-12-20,9.4,1.1,5.25,5.9,-2.5,0.0,0.0,0.0,7.0,51.88,22.02,33.8,33.68,50.4,68.5,75,1402-09-29
کرج,البرز,2023-12-21,9.8,-0.3,4.64,6.8,-4.0,0.0,0.0,0.0,8.0,50.71,18.09,30.9,28.51,46.6,70.38,75,1402-09-30
کرج,البرز,2023-12-22,10.8,0.1,5.35,7.3,-3.6,0.0,0.0,0.0,9.4,57.5,15.68,29.8,31.3,72.2,62.12,67,1402-10-01
کرج,البرز,2023-12-23,10.4,2.5,6.12,8.0,-1.2,2.9,2.7,0.14,10.2,69.17,16.61,26.4,42.65,75.4,69.58,73,1402-10-02
کرج,البرز,2023-12-24,13.1,2.5,6.99,10.5,-1.1,7.8,6.2,1.12,11.6,63.67,7.43,12.3,16.9,28.3,52.67,64,1402-10-03
کرج,البرز,2023-12-25,10.8,3.7,7.33,6.5,0.6,0.3,0.3,0.0,19.0,59.46,5.49,9.4,11.06,18.8,38.54,42,1402-10-04
کرج,البرز,2023-12-26,12.0,4.0,7.49,6.9,-0.3,0.0,0.0,0.0,20.0,40.29,8.6,17.7,13.64,26.4,33.62,46,1402-10-05
کرج,البرز,2023-12-27,13.9,2.3,8.0,9.1,-1.6,0.0,0.0,0.0,16.8,35.12,13.95,30.5,20.48,44.5,52.88,59,1402-10-06
کرج,البرز,2023-12-28,12.0,2.1,6.51,7.8,-1.7,0.0,0.0,0.0,13.6,43.79,10.83,28.5,18.57,41.1,58.0,60,1402-10-07
کرج,البرز,2023-12-29,10.6,-0.3,4.55,7.3,-3.8,0.0,0.0,0.0,7.7,55.25,12.47,26.3,18.58,38.4,53.67,56,1402-10-08
کرج,البرز,2023-12-30,11.4,1.0,5.03,8.5,-3.0,0.0,0.0,0.0,6.7,46.12,19.28,37.8,30.45,58.4,63.08,69,1402-10-09
کرج,البرز,2023-12-31,12.3,0.8,5.94,9.4,-3.3,0.0,0.0,0.0,6.6,44.79,12.8,22.4,26.17,40.6,64.67,69,1402-10-10
کرج,البرز,2024-01-01,12.1,2.0,6.25,7.9,-1.4,0.0,0.0,0.0,13.5,55.25,13.35,28.4,26.66,46.0,56.04,57,1402-10-11
کرج,البرز,2024-01-02,11.6,0.6,5.64,8.5,-3.1,0.0,0.0,0.0,7.2,53.67,18.67,35.5,34.6,59.8,62.29,68,1402-10-12
کرج,البرز,2024-01-03,12.0,2.0,6.6,8.7,-1.3,0.0,0.0,0.0,11.5,45.88,14.82,28.2,27.86,48.1,69.46,72,1402-10-13
کرج,البرز,2024-01-04,11.7,-0.1,5.14,8.2,-4.1,0.0,0.0,0.0,10.6,45.83,12.4,24.8,19.62,38.1,56.54,61,1402-10-14
کرج,البرز,2024-01-05,11.7,2.5,7.1,7.7,-1.3,0.0,0.0,0.0,11.9,47.75,8.47,23.7,13.48,36.7,51.67,56,1402-10-15
کرج,البرز,2024-01-06,9.0,0.1,5.0,4.8,-4.1,1.9,1.9,0.0,19.8,62.71,6.66,12.8,12.29,21.0,45.04,48,1402-10-16
کرج,البرز,2024-01-07,9.7,-2.8,2.8,5.5,-6.8,0.0,0.0,0.0,8.6,37.12,11.25,26.8,16.68,39.3,43.42,54,1402-10-17
کرج,البرز,2024-01-08,13.6,0.3,8.07,9.2,-4.0,0.0,0.0,0.0,8.6,21.79,8.14,22.0,12.22,32.0,52.75,54,1402-10-18
کرج,البرز,2024-01-09,15.4,2.6,8.24,9.5,-3.1,0.0,0.0,0.0,18.4,20.62,7.0,21.5,10.86,31.1,40.25,45,1402-10-19
کرج,البرز,2024-01-10,14.3,2.8,8.44,9.3,-1.7,0.4,0.4,0.0,21.3,30.62,8.46,15.8,19.77,38.3,44.54,51,1402-10-20
کرج,البرز,2024-01-11,11.6,4.0,7.56,8.8,0.8,2.1,2.0,0.07,17.0,53.0,17.84,32.8,62.13,115.7,54.83,66,1402-10-21
کرج,البرز,2024-01-12,7.9,2.2,4.81,4.7,-0.8,4.7,4.6,0.07,9.3,79.0,12.14,26.4,30.33,80.3,67.29,71,1402-10-22
کرج,البرز,2024-01-13,10.8,2.0,5.5,7.6,-1.0,2.2,1.9,0.21,11.8,71.17,9.28,16.6,19.88,34.9,49.17,56,1402-10-23
کرج,البرز,2024-01-14,11.4,4.2,6.89,8.0,0.5,2.4,2.4,0.0,14.4,62.5,13.45,23.3,31.3,49.0,54.54,59,1402-10-24
کرج,البرز,2024-01-15,11.4,0.3,5.83,8.0,-3.8,0.0,0.0,0.0,16.6,59.04,11.46,19.7,33.02,49.9,57.88,60,1402-10-25
کرج,البرز,2024-01-16,10.2,-1.9,3.18,6.2,-6.4,0.0,0.0,0.0,10.4,40.0,11.08,22.1,25.23,45.8,53.38,55,1402-10-26
کرج,البرز,2024-01-17,11.9,-0.1,4.6,7.3,-4.7,0.0,0.0,0.0,14.0,39.04,9.39,19.0,14.37,27.5,52.38,54,1402-10-27
کرج,البرز,2024-01-18,11.6,-0.3,4.68,7.6,-4.3,0.0,0.0,0.0,9.2,42.42,20.34,49.7,30.31,73.3,54.62,69,1402-10-28
کرج,البرز,2024-01-19,11.6,-2.0,3.9,8.1,-5.9,0.0,0.0,0.0,7.7,48.96,22.1,42.4,34.77,64.0,77.25,80,1402-10-29
کرج,البرز,2024-01-20,12.2,-0.4,5.22,7.9,-4.8,0.0,0.0,0.0,10.1,39.88,24.13,53.3,38.04,81.0,72.67,77,1402-10-30
کرج,البرز,2024-01-21,12.8,2.3,6.62,8.5,-1.6,0.0,0.0,0.0,11.8,40.04,12.22,32.1,19.48,49.7,75.08,81,1402-11-01
کرج,البرز,2024-01-22,13.5,1.8,6.9,10.4,-1.8,0.0,0.0,0.0,8.2,48.75,10.54,20.4,19.15,31.9,52.21,56,1402-11-02
کرج,البرز,2024-01-23,10.0,2.5,5.9,6.2,-0.0,5.3,5.3,0.0,11.9,74.88,28.29,42.6,78.59,154.1,66.88,84,1402-11-03
کرج,البرز,2024-01-24,10.6,0.7,5.23,8.2,-2.7,5.1,5.0,0.07,11.4,76.12,41.06,64.0,150.79,274.7,110.29,123,1402-11-04
کرج,البرز,2024-01-25,9.1,-2.1,3.1,5.9,-5.4,1.1,0.6,0.35,13.0,69.54,10.62,16.7,26.56,40.3,77.25,114,1402-11-05
کرج,البرز,2024-01-26,10.6,-3.5,3.96,7.2,-8.3,0.0,0.0,0.0,12.3,59.04,13.42,28.4,31.42,54.0,52.67,57,1402-11-06
کرج,البرز,2024-01-27,7.4,1.0,3.35,4.2,-2.1,18.8,8.7,7.07,8.6,82.92,14.18,26.5,27.56,46.8,64.58,67,1402-11-07
کرج,البرز,2024-01-28,4.6,-4.0,0.7,0.1,-9.0,10.4,1.4,6.3,16.4,66.12,7.68,13.4,16.08,24.3,51.0,60,1402-11-08
کرج,البرز,2024-01-29,6.9,-7.3,-1.62,3.1,-12.2,0.0,0.0,0.0,11.8,50.96,10.89,24.2,34.07,52.9,44.29,53,1402-11-09
کرج,البرز,2024-01-30,6.8,-5.1,0.69,3.7,-9.3,0.5,0.5,0.0,8.1,56.75,12.58,26.5,29.3,49.5,54.92,56,1402-11-10
کرج,البرز,2024-01-31,5.3,-2.1,1.75,1.2,-5.8,0.0,0.0,0.0,13.6,60.42,17.7,28.4,36.1,64.5,61.42,66,1402-11-11
کرج,البرز,2024-02-01,2.9,-0.5,1.01,-0.6,-3.7,3.9,0.0,2.73,10.3,75.71,17.16,24.0,33.86,44.6,67.21,69,1402-11-12
کرج,البرز,2024-02-02,2.4,-4.1,-0.21,-1.7,-8.3,8.1,0.0,5.67,14.2,86.5,6.4,20.8,11.04,41.2,57.33,65,1402-11-13
کرج,البرز,2024-02-03,4.7,-5.3,-1.28,0.4,-9.7,0.0,0.0,0.0,11.0,57.62,9.26,18.0,18.82,40.2,33.46,49,1402-11-14
کرج,البرز,2024-02-04,5.1,-4.8,-0.09,0.6,-9.4,0.0,0.0,0.0,13.0,48.08,12.35,27.1,23.59,43.8,55.12,58,1402-11-15
کرج,البرز,2024-02-05,6.3,-1.8,2.7,2.4,-6.2,0.2,0.1,0.07,14.1,60.12,5.55,10.6,9.85,18.7,48.58,56,1402-11-16
کرج,البرز,2024-02-06,8.1,1.1,4.16,2.4,-2.5,4.1,0.4,2.59,26.6,60.12,5.38,9.5,9.13,15.8,30.42,39,1402-11-17
کرج,البرز,2024-02-07,8.9,-1.6,3.06,5.1,-6.4,0.0,0.0,0.0,13.1,53.08,8.89,21.5,12.88,30.9,36.67,47,1402-11-18
کرج,البرز,2024-02-08,11.1,-0.5,4.69,7.9,-4.5,0.0,0.0,0.0,8.8,42.54,11.05,24.4,16.39,35.6,53.71,56,1402-11-19
کرج,البرز,2024-02-09,12.2,0.5,5.89,8.1,-3.6,0.0,0.0,0.0,13.4,38.12,11.35,25.4,17.57,37.7,52.75,54,1402-11-20
کرج,البرز,2024-02-10,14.3,1.8,6.93,11.1,-2.4,0.0,0.0,0.0,7.7,31.25,10.22,17.7,20.03,36.6,53.79,56,1402-11-21
کرج,البرز,2024-02-11,15.0,2.0,7.43,12.4,-1.9,0.0,0.0,0.0,7.9,45.04,11.31,22.9,34.84,50.8,51.88,54,1402-11-22
کرج,البرز,2024-02-12,15.3,2.1,7.73,12.8,-1.8,0.0,0.0,0.0,8.9,45.0,13.86,27.8,37.52,56.9,56.12,59,1402-11-23
کرج,البرز,2024-02-13,16.8,2.6,8.94,14.1,-1.7,0.0,0.0,0.0,8.9,38.38,14.75,25.1,37.49,53.7,61.75,63,1402-11-24
کرج,البرز,2024-02-14,18.7,4.3,11.19,15.7,0.6,0.0,0.0,0.0,9.7,37.54,17.15,30.0,39.94,58.8,62.38,65,1402-11-25
کرج,البرز,2024-02-15,17.4,7.3,11.82,14.5,3.6,12.8,12.8,0.0,12.5,45.96,13.02,20.4,44.32,55.8,64.12,67,1402-11-26
کرج,البرز,2024-02-16,11.3,4.6,8.41,9.4,2.7,17.1,17.1,0.0,9.7,83.71,10.17,22.5,21.39,33.6,51.62,58,1402-11-27
کرج,البرز,2024-02-17,11.0,2.3,6.38,8.3,-0.9,4.9,4.9,0.0,15.5,72.08,11.44,24.3,30.7,51.5,56.79,60,1402-11-28
کرج,البرز,2024-02-18,9.2,0.1,3.71,5.1,-3.2,0.4,0.0,0.28,15.3,63.29,5.26,8.6,8.84,14.3,40.08,55,1402-11-29
کرج,البرز,2024-02-19,7.3,-3.3,2.07,4.4,-7.1,0.3,0.3,0.0,8.4,63.08,7.71,12.0,12.53,23.8,35.88,42,1402-11-30
کرج,البرز,2024-02-20,8.0,-0.3,3.47,5.0,-4.2,1.1,1.1,0.0,8.2,62.58,13.35,20.8,23.97,37.6,51.42,57,1402-12-01
کرج,البرز,2024-02-21,9.4,-2.0,3.34,5.9,-5.6,0.6,0.6,0.0,8.3,61.29,17.58,37.3,32.17,63.3,59.79,65,1402-12-02
کرج,البرز,2024-02-22,10.3,-0.7,3.99,6.8,-4.6,3.0,1.1,1.33,8.7,61.17,21.39,33.8,39.64,56.6,72.54,75,1402-12-03
کرج,البرز,2024-02-23,12.0,-0.4,5.39,8.8,-4.5,0.0,0.0,0.0,11.9,53.21,17.49,35.4,31.85,61.2,71.0,73,1402-12-04
کرج,البرز,2024-02-24,10.1,2.5,5.53,6.8,-1.7,0.0,0.0,0.0,14.1,59.5,8.1,15.4,19.66,31.9,57.46,66,1402-12-05
کرج,البرز,2024-02-25,2.1,-2.9,0.16,-1.9,-7.0,6.9,0.0,4.9,10.1,74.21,3.4,6.2,5.1,9.9,33.21,45,1402-12-06
کرج,البرز,2024-02-26,2.3,-4.8,-2.19,-2.7,-8.9,0.6,0.0,0.42,12.0,66.21,2.01,5.3,3.01,8.1,31.54,35,1402-12-07
کرج,البرز,2024-02-27,2.1,-6.2,-2.06,-2.0,-10.5,0.3,0.0,0.21,7.1,61.88,8.92,17.7,13.12,26.4,33.42,47,1402-12-08
کرج,البرز,2024-02-28,1.3,-5.1,-1.78,-2.5,-9.7,2.7,0.0,1.89,7.6,68.38,5.63,10.6,8.12,15.3,48.62,53,1402-12-09
کرج,البرز,2024-02-29,2.7,-8.7,-3.42,-0.7,-13.4,0.0,0.0,0.0,12.7,46.38,4.91,8.7,7.14,12.5,32.54,43,1402-12-10
کرج,البرز,2024-03-01,4.5,-10.4,-3.33,1.3,-14.8,0.0,0.0,0.0,8.4,43.38,12.25,22.8,17.95,32.6,42.17,55,1402-12-11
کرج,البرز,2024-03-02,6.1,-8.0,-0.64,3.6,-12.5,0.0,0.0,0.0,7.4,36.33,16.38,31.3,24.06,45.6,59.04,63,1402-12-12
کرج,البرز,2024-03-03,8.8,-2.4,2.73,5.3,-6.8,0.0,0.0,0.0,7.4,33.08,34.38,60.1,52.44,90.8,81.25,107,1402-12-13
کرج,البرز,2024-03-04,9.4,-0.9,3.95,5.9,-5.2,0.0,0.0,0.0,9.4,46.88,37.52,58.4,73.22,92.4,115.17,121,1402-12-14
کرج,البرز,2024-03-05,8.8,-4.0,2.76,5.4,-8.1,0.2,0.2,0.0,10.6,61.29,29.6,35.7,81.06,100.4,93.08,105,1402-12-15
کرج,البرز,2024-03-06,12.2,-2.8,4.8,9.3,-7.1,0.0,0.0,0.0,9.7,50.5,17.4,34.6,42.92,75.2,78.96,89,1402-12-16
کرج,البرز,2024-03-07,13.8,0.1,6.78,10.9,-4.2,1.7,1.7,0.0,12.8,55.54,12.83,18.8,54.17,102.9,58.71,66,1402-12-17
کرج,البرز,2024-03-08,12.9,1.0,7.08,9.6,-2.7,7.9,4.7,2.24,14.3,55.04,17.23,32.9,78.5,130.4,66.0,82,1402-12-18
کرج,البرز,2024-03-09,11.8,0.3,5.88,8.2,-4.2,0.0,0.0,0.0,14.0,41.38,10.29,16.6,19.7,28.1,57.83,66,1402-12-19
کرج,البرز,2024-03-10,13.2,-0.9,6.45,10.1,-5.7,3.3,3.3,0.0,12.7,50.08,12.17,18.8,49.25,79.4,52.75,58,1402-12-20
کرج,البرز,2024-03-11,10.5,1.7,5.55,8.2,-2.0,6.1,5.2,0.63,15.6,73.46,15.67,25.2,69.3,120.1,62.29,71,1402-12-21
کرج,البرز,2024-03-12,12.3,-1.5,4.74,9.2,-5.8,0.0,0.0,0.0,13.6,52.88,9.28,16.7,17.8,33.6,55.29,63,1402-12-22
کرج,البرز,2024-03-13,14.1,0.4,6.88,11.9,-3.9,0.0,0.0,0.0,8.7,43.96,18.6,43.0,29.94,66.1,56.54,66,1402-12-23
کرج,البرز,2024-03-14,16.9,2.5,9.31,13.8,-1.7,0.0,0.0,0.0,12.3,41.12,25.54,40.3,44.13,65.0,81.17,85,1402-12-24
کرج,البرز,2024-03-15,16.5,6.5,10.6,13.0,3.0,7.7,7.7,0.0,13.0,57.42,29.17,37.1,118.53,183.9,80.29,88,1402-12-25
کرج,البرز,2024-03-16,15.9,4.8,9.45,12.2,1.6,5.5,5.5,0.0,16.4,64.71,24.14,32.8,87.02,128.5,86.67,91,1402-12-26
کرج,البرز,2024-03-17,16.3,4.4,10.32,13.3,0.6,0.0,0.0,0.0,12.4,44.04,13.33,23.8,41.55,61.0,73.29,95,1402-12-27
کرج,البرز,2024-03-18,18.4,3.8,10.98,15.3,0.1,5.8,5.8,0.0,11.2,56.54,13.65,17.6,59.19,95.5,57.0,60,1402-12-28
کرج,البرز,2024-03-19,14.0,9.2,11.62,11.3,6.9,4.8,4.8,0.0,13.8,61.08,16.64,25.3,40.4,113.9,64.17,66,1402-12-29
کرج,البرز,2024-03-20,13.4,6.3,9.72,10.0,2.6,2.3,2.3,0.0,15.0,58.21,7.8,11.8,19.97,28.5,55.25,64,1403-01-01
کرج,البرز,2024-03-21,15.2,1.9,8.65,11.9,-2.0,0.0,0.0,0.0,16.0,50.04,10.44,18.9,23.01,34.3,47.04,69,1403-01-02
کرج,البرز,2024-03-22,17.1,3.3,10.5,13.9,-0.6,0.0,0.0,0.0,15.5,45.17,14.23,26.6,27.34,46.1,58.12,72,1403-01-03
کرج,البرز,2024-03-23,17.0,5.7,11.24,14.5,2.1,0.0,0.0,0.0,13.3,46.25,19.04,34.5,45.84,67.3,63.42,69,1403-01-04
کرج,البرز,2024-03-24,19.8,3.9,13.49,16.7,0.4,0.3,0.3,0.0,18.2,35.46,17.58,34.3,37.01,67.5,73.12,78,1403-01-05
کرج,البرز,2024-03-25,14.3,6.0,10.21,10.1,3.5,31.1,31.1,0.0,25.0,68.38,13.95,27.0,48.07,111.1,60.0,66,1403-01-06
کرج,البرز,2024-03-26,13.7,1.6,8.54,10.4,-1.9,0.1,0.1,0.0,18.7,52.33,10.77,20.2,45.31,87.8,54.29,59,1403-01-07
کرج,البرز,2024-03-27,14.1,4.9,9.97,12.7,1.3,0.9,0.9,0.0,17.3,48.46,11.85,17.6,43.19,91.7,57.38,60,1403-01-08
کرج,البرز,2024-03-28,15.1,2.6,8.43,11.8,-1.4,0.0,0.0,0.0,16.6,44.92,15.42,21.2,29.55,42.8,60.67,79,1403-01-09
کرج,البرز,2024-03-29,15.5,1.3,8.12,13.2,-3.8,0.0,0.0,0.0,11.0,31.54,13.19,22.6,19.49,32.9,58.0,64,1403-01-10
کرج,البرز,2024-03-30,17.8,2.1,9.78,15.5,-2.5,0.0,0.0,0.0,10.2,36.83,19.14,33.3,28.46,49.0,63.12,74,1403-01-11
کرج,البرز,2024-03-31,18.7,4.7,10.55,15.3,0.5,0.0,0.0,0.0,17.0,39.5,15.81,26.5,25.0,40.0,73.79,90,1403-01-12
کرج,البرز,2024-04-01,17.8,4.3,10.76,15.7,0.6,0.0,0.0,0.0,15.7,40.12,10.57,19.0,16.56,27.9,54.58,63,1403-01-13
کرج,البرز,2024-04-02,16.6,3.0,9.82,13.9,-0.6,0.0,0.0,0.0,10.4,38.25,14.15,26.3,23.33,41.0,59.12,81,1403-01-14
کرج,البرز,2024-04-03,18.9,4.0,11.5,17.0,-0.1,0.0,0.0,0.0,10.5,40.04,18.86,33.5,30.42,54.6,71.33,94,1403-01-15
کرج,البرز,2024-04-04,22.6,5.9,14.15,19.4,1.7,0.0,0.0,0.0,13.2,36.71,15.55,20.8,24.31,31.9,66.79,87,1403-01-16
کرج,البرز,2024-04-05,23.4,9.1,15.54,21.4,5.3,0.0,0.0,0.0,14.1,35.54,14.69,21.3,22.79,31.7,66.92,84,1403-01-17
کرج,البرز,2024-04-06,23.9,8.3,16.48,21.6,5.0,0.0,0.0,0.0,13.9,35.54,11.85,20.9,32.34,55.5,60.33,82,1403-01-18
کرج,البرز,2024-04-07,24.7,9.1,17.04,21.3,5.4,0.0,0.0,0.0,15.6,35.33,16.06,22.8,33.42,43.2,70.38,108,1403-01-19
کرج,البرز,2024-04-08,22.6,8.6,14.8,19.3,5.4,0.0,0.0,0.0,17.9,45.92,13.93,16.8,30.95,56.3,63.29,69,1403-01-20
کرج,البرز,2024-04-09,24.4,7.8,16.47,21.9,5.0,0.0,0.0,0.0,13.8,35.75,15.57,25.3,36.38,48.8,65.58,100,1403-01-21
کرج,البرز,2024-04-10,25.1,11.5,18.59,20.1,9.8,6.8,6.8,0.0,25.2,38.25,20.0,33.6,51.4,87.5,67.79,76,1403-01-22
کرج,البرز,2024-04-11,18.7,7.7,12.77,15.7,4.0,1.5,1.5,0.0,24.3,61.0,15.75,33.3,43.34,78.2,73.25,77,1403-01-23
کرج,البرز,2024-04-12,16.2,4.9,9.58,13.5,0.8,0.0,0.0,0.0,25.6,49.79,5.65,12.1,15.18,45.5,45.83,63,1403-01-24
کرج,البرز,2024-04-13,15.9,2.6,9.27,12.6,-0.9,0.0,0.0,0.0,11.3,42.92,9.8,17.9,19.65,27.6,45.46,66,1403-01-25
کرج,البرز,2024-04-14,18.5,4.0,11.16,14.6,0.9,0.0,0.0,0.0,14.7,41.21,10.95,16.8,20.08,27.2,54.62,59,1403-01-26
کرج,البرز,2024-04-15,20.7,6.8,13.6,18.4,3.6,0.0,0.0,0.0,13.2,33.17,17.64,34.1,33.75,56.7,68.08,108,1403-01-27
کرج,البرز,2024-04-16,21.9,7.3,14.77,19.5,4.1,0.1,0.1,0.0,12.9,33.33,20.19,34.2,36.46,56.3,73.75,85,1403-01-28
کرج,البرز,2024-04-17,22.9,6.8,15.7,18.8,3.9,0.0,0.0,0.0,16.1,37.0,17.34,22.5,32.19,43.9,76.58,118,1403-01-29
کرج,البرز,2024-04-18,24.1,9.7,16.83,20.7,6.2,0.0,0.0,0.0,13.1,27.38,19.28,33.6,35.44,59.6,84.54,131,1403-01-30
کرج,البرز,2024-04-19,27.3,10.7,18.64,23.8,7.2,0.0,0.0,0.0,21.1,27.79,17.72,24.2,28.01,38.1,81.29,131,1403-01-31
کرج,البرز,2024-04-20,26.4,10.9,18.47,23.6,7.4,0.0,0.0,0.0,18.6,29.54,10.15,15.9,20.75,27.4,70.29,106,1403-02-01
کرج,البرز,2024-04-21,26.7,11.3,18.9,23.7,8.2,0.0,0.0,0.0,29.7,31.54,16.25,23.7,50.7,92.7,62.62,93,1403-02-02
کرج,البرز,2024-04-22,25.2,12.6,18.34,23.7,10.4,0.8,0.8,0.0,17.1,40.46,19.24,23.4,52.09,77.3,72.0,91,1403-02-03
کرج,البرز,2024-04-23,15.0,10.6,12.5,12.7,8.3,7.7,7.7,0.0,11.5,75.54,9.43,22.1,17.91,58.7,62.92,69,1403-02-04
کرج,البرز,2024-04-24,19.5,9.5,13.86,16.2,6.7,0.2,0.2,0.0,20.1,51.25,3.44,6.2,7.07,12.4,46.75,66,1403-02-05
کرج,البرز,2024-04-25,21.9,7.2,14.76,20.2,4.6,0.0,0.0,0.0,11.9,42.75,9.7,20.5,16.39,30.5,48.33,103,1403-02-06
کرج,البرز,2024-04-26,24.0,8.5,16.47,22.0,5.8,0.0,0.0,0.0,11.0,38.0,14.2,20.0,23.93,29.7,69.33,112,1403-02-07
کرج,البرز,2024-04-27,24.9,9.7,17.12,22.2,6.4,0.0,0.0,0.0,13.4,33.12,13.25,22.4,25.94,40.6,77.46,133,1403-02-08
کرج,البرز,2024-04-28,25.3,9.0,17.94,23.2,5.6,0.0,0.0,0.0,10.8,31.79,16.28,26.6,32.22,44.2,76.46,125,1403-02-09
کرج,البرز,2024-04-29,26.9,10.0,19.75,25.1,6.8,0.0,0.0,0.0,10.6,28.5,16.42,29.5,33.68,49.6,82.04,140,1403-02-10
کرج,البرز,2024-04-30,27.0,13.1,20.72,23.5,10.5,0.0,0.0,0.0,17.9,22.21,18.35,30.5,36.43,51.5,74.21,101,1403-02-11
کرج,البرز,2024-05-01,26.0,16.1,21.05,21.3,12.7,0.0,0.0,0.0,24.7,17.58,17.85,27.4,37.81,48.4,69.5,82,1403-02-12
کرج,البرز,2024-05-02,20.8,14.6,17.19,17.7,11.3,0.0,0.0,0.0,19.6,37.21,26.93,38.0,61.91,81.3,70.12,82,1403-02-13
کرج,البرز,2024-05-03,23.6,12.9,16.84,22.2,10.6,5.1,5.1,0.0,19.2,54.21,22.22,37.4,48.06,78.5,87.79,92,1403-02-14
کرج,البرز,2024-05-04,22.4,11.2,15.98,19.3,8.6,1.0,1.0,0.0,21.5,52.12,11.98,14.8,27.55,39.9,65.08,75,1403-02-15
کرج,البرز,2024-05-05,22.9,12.0,17.67,21.2,9.0,0.0,0.0,0.0,15.5,36.17,11.72,14.1,33.12,70.5,58.5,68,1403-02-16
کرج,البرز,2024-05-06,21.7,11.9,15.99,19.3,9.3,1.8,1.8,0.0,16.8,51.25,20.98,30.6,71.26,144.4,59.92,72,1403-02-17
کرج,البرز,2024-05-07,17.9,11.4,14.2,16.2,10.0,4.3,4.3,0.0,23.6,66.46,25.88,34.3,74.61,121.1,82.0,92,1403-02-18
کرج,البرز,2024-05-08,19.4,9.9,15.0,18.7,7.7,0.3,0.3,0.0,7.5,46.83,15.84,19.3,56.19,100.8,86.92,121,1403-02-19
کرج,البرز,2024-05-09,19.4,8.2,13.49,17.2,5.7,1.2,1.2,0.0,19.0,52.96,8.67,13.8,16.83,23.0,67.96,102,1403-02-20
کرج,البرز,2024-05-10,22.0,7.5,15.3,21.2,4.5,0.0,0.0,0.0,8.9,40.29,8.8,16.1,16.78,23.8,69.33,127,1403-02-21
کرج,البرز,2024-05-11,25.7,10.6,18.82,24.3,7.5,0.0,0.0,0.0,11.3,33.38,11.5,22.1,21.12,35.2,88.71,167,1403-02-22
کرج,البرز,2024-05-12,29.0,16.6,21.92,26.6,12.6,0.4,0.4,0.0,22.8,27.75,15.95,26.6,63.52,180.2,81.08,118,1403-02-23
کرج,البرز,2024-05-13,25.3,13.8,20.06,22.7,11.6,10.1,10.1,0.0,19.5,47.88,24.9,39.7,81.76,149.9,68.42,79,1403-02-24
کرج,البرز,2024-05-14,22.4,13.0,17.9,21.1,10.2,5.2,5.2,0.0,19.2,53.21,29.82,35.4,87.74,143.9,93.46,116,1403-02-25
کرج,البرز,2024-05-15,24.8,11.8,18.96,23.1,9.1,0.0,0.0,0.0,12.6,35.46,12.81,20.4,33.22,44.7,86.83,111,1403-02-26
کرج,البرز,2024-05-16,25.1,11.9,18.7,23.0,8.7,0.0,0.0,0.0,11.4,33.96,9.35,12.2,26.48,42.1,73.38,109,1403-02-27
کرج,البرز,2024-05-17,22.4,13.6,18.04,20.8,10.6,1.0,1.0,0.0,17.4,38.46,17.35,26.8,69.92,155.1,79.12,113,1403-02-28
کرج,البرز,2024-05-18,22.5,11.3,16.4,18.3,8.9,0.0,0.0,0.0,22.4,43.29,7.58,10.2,13.72,20.7,77.12,110,1403-02-29
کرج,البرز,2024-05-19,23.7,9.0,16.54,22.7,6.4,0.0,0.0,0.0,10.4,41.79,7.27,10.2,12.24,16.8,61.67,102,1403-02-30
کرج,البرز,2024-05-20,26.6,14.0,20.01,24.8,10.8,0.2,0.2,0.0,22.4,30.96,14.78,27.2,36.4,59.1,75.12,120,1403-02-31
کرج,البرز,2024-05-21,27.0,13.5,19.07,26.3,12.8,2.8,2.8,0.0,15.2,52.88,22.55,27.4,75.23,115.3,70.21,78,1403-03-01
کرج,البرز,2024-05-22,25.4,11.8,17.24,25.5,10.5,0.3,0.3,0.0,14.7,62.83,19.11,28.5,54.95,92.2,77.38,102,1403-03-02
کرج,البرز,2024-05-23,24.2,11.2,17.57,22.8,10.5,0.8,0.8,0.0,15.3,58.17,12.9,25.6,29.27,68.2,76.04,100,1403-03-03
کرج,البرز,2024-05-24,26.6,11.1,18.72,26.0,8.8,0.1,0.1,0.0,19.9,44.33,12.15,19.1,20.87,32.4,77.75,127,1403-03-04
کرج,البرز,2024-05-25,28.6,12.6,20.65,26.8,10.3,0.9,0.9,0.0,27.4,40.38,15.15,18.7,36.8,54.6,91.71,151,1403-03-05
کرج,البرز,2024-05-26,28.2,13.9,22.16,25.8,11.6,0.1,0.1,0.0,19.4,35.5,16.89,23.2,49.27,75.0,78.5,111,1403-03-06
کرج,البرز,2024-05-27,30.6,18.5,24.71,28.9,16.3,0.0,0.0,0.0,14.8,24.92,13.19,19.4,38.05,71.0,83.25,119,1403-03-07
کرج,البرز,2024-05-28,31.9,15.0,23.44,30.7,13.1,0.0,0.0,0.0,16.3,32.38,9.38,12.5,20.41,27.7,79.62,135,1403-03-08
کرج,البرز,2024-05-29,32.4,14.7,24.55,30.5,12.7,0.0,0.0,0.0,13.9,25.38,10.47,16.1,21.7,28.6,76.79,135,1403-03-09
کرج,البرز,2024-05-30,33.6,18.3,26.25,32.0,16.0,0.0,0.0,0.0,12.7,22.0,12.4,17.5,28.33,47.3,90.79,165,1403-03-10
کرج,البرز,2024-05-31,34.7,19.5,27.75,33.2,17.8,0.0,0.0,0.0,13.4,20.71,12.61,17.4,28.05,38.3,90.17,159,1403-03-11
کرج,البرز,2024-06-01,36.7,22.3,29.86,33.7,18.8,0.0,0.0,0.0,19.9,14.17,13.54,19.1,32.46,43.2,79.46,133,1403-03-12
کرج,البرز,2024-06-02,31.6,17.6,23.96,28.8,15.8,0.0,0.0,0.0,22.7,35.71,9.78,16.0,19.16,27.4,76.79,131,1403-03-13
کرج,البرز,2024-06-03,30.2,14.7,22.61,29.2,12.6,0.0,0.0,0.0,16.2,35.21,7.52,9.7,15.98,31.9,82.33,165,1403-03-14
کرج,البرز,2024-06-04,30.8,15.5,23.42,29.7,13.8,0.0,0.0,0.0,10.9,32.92,10.59,13.2,20.36,27.2,98.75,193,1403-03-15
کرج,البرز,2024-06-05,30.9,15.8,23.7,28.9,14.4,0.0,0.0,0.0,13.0,29.96,12.75,17.7,25.54,37.0,101.83,186,1403-03-16
کرج,البرز,2024-06-06,30.8,17.6,24.29,29.5,15.1,0.0,0.0,0.0,15.9,28.25,15.82,23.1,31.7,42.8,96.46,162,1403-03-17
کرج,البرز,2024-06-07,32.1,17.9,25.71,30.3,16.4,0.0,0.0,0.0,13.3,22.96,14.42,23.6,27.78,39.0,93.62,160,1403-03-18
کرج,البرز,2024-06-08,33.4,18.7,26.68,30.4,16.5,0.0,0.0,0.0,15.2,18.04,12.65,19.1,27.19,35.4,91.96,156,1403-03-19
کرج,البرز,2024-06-09,34.3,20.2,28.22,30.9,17.1,0.0,0.0,0.0,19.2,12.29,10.61,16.8,25.72,34.9,84.88,140,1403-03-20
کرج,البرز,2024-06-10,33.9,21.2,27.77,30.4,17.8,0.0,0.0,0.0,24.0,18.75,15.39,23.7,39.53,62.6,92.04,149,1403-03-21
کرج,البرز,2024-06-11,34.0,19.4,26.96,33.8,17.6,0.1,0.1,0.0,20.7,25.83,21.21,27.9,63.66,96.6,85.54,125,1403-03-22
کرج,البرز,2024-06-12,35.5,19.6,27.83,33.2,17.5,0.0,0.0,0.0,13.7,21.54,19.81,25.8,54.27,68.9,100.79,158,1403-03-23
کرج,البرز,2024-06-13,32.6,18.7,25.75,33.0,17.0,0.1,0.1,0.0,23.5,31.46,18.35,22.8,47.11,75.7,96.67,154,1403-03-24
کرج,البرز,2024-06-14,30.5,18.5,24.07,29.7,17.6,1.9,1.9,0.0,16.1,38.0,21.25,24.5,52.15,75.4,100.46,151,1403-03-25
کرج,البرز,2024-06-15,30.9,16.9,24.7,31.8,15.7,0.0,0.0,0.0,11.7,36.21,18.31,21.0,39.17,46.6,102.5,153,1403-03-26
کرج,البرز,2024-06-16,34.6,19.1,26.65,33.3,17.9,0.0,0.0,0.0,18.4,32.29,17.3,21.5,36.63,53.1,96.04,151,1403-03-27
کرج,البرز,2024-06-17,33.6,18.9,27.12,33.7,18.2,0.0,0.0,0.0,12.0,31.75,13.19,18.2,26.88,34.3,89.79,129,1403-03-28
کرج,البرز,2024-06-18,34.3,19.6,27.73,33.6,18.9,0.0,0.0,0.0,16.0,29.38,13.18,19.8,24.81,32.6,82.42,130,1403-03-29
کرج,البرز,2024-06-19,33.7,19.8,27.27,33.5,18.7,0.0,0.0,0.0,13.8,29.79,15.98,21.7,32.03,38.6,90.12,141,1403-03-30
کرج,البرز,2024-06-20,32.1,19.3,25.86,32.0,18.9,0.0,0.0,0.0,11.4,36.62,12.4,15.5,24.82,33.6,91.0,147,1403-03-31
کرج,البرز,2024-06-21,33.1,18.2,26.31,31.9,17.5,0.0,0.0,0.0,11.9,33.21,11.95,16.2,23.05,30.0,82.79,133,1403-04-01
کرج,البرز,2024-06-22,33.3,18.8,27.18,33.0,17.9,0.0,0.0,0.0,15.8,28.29,12.26,16.8,25.79,35.9,82.92,135,1403-04-02
کرج,البرز,2024-06-23,32.2,21.4,27.12,31.4,18.8,0.3,0.3,0.0,18.4,28.12,18.4,26.5,51.21,90.8,76.58,105,1403-04-03
کرج,البرز,2024-06-24,32.2,20.7,25.9,30.9,19.7,0.9,0.9,0.0,30.5,33.08,22.85,31.8,64.71,82.4,74.96,91,1403-04-04
کرج,البرز,2024-06-25,34.3,21.8,28.34,31.5,20.2,0.0,0.0,0.0,20.9,27.08,22.84,29.0,59.95,84.5,90.5,120,1403-04-05
کرج,البرز,2024-06-26,33.9,19.3,26.22,33.6,18.1,0.2,0.2,0.0,23.1,36.21,19.05,21.7,49.42,72.2,99.42,158,1403-04-06
کرج,البرز,2024-06-27,32.5,18.8,25.49,31.5,18.4,0.0,0.0,0.0,17.9,40.88,12.45,18.9,24.55,44.9,87.33,125,1403-04-07
کرج,البرز,2024-06-28,34.8,17.9,26.36,33.6,16.8,0.0,0.0,0.0,14.1,35.29,15.54,24.1,49.84,100.8,85.83,151,1403-04-08
کرج,البرز,2024-06-29,35.2,19.5,26.57,34.6,18.2,0.0,0.0,0.0,14.2,38.33,20.94,33.2,68.65,122.9,92.58,156,1403-04-09
کرج,البرز,2024-06-30,33.4,18.2,25.4,33.9,16.9,0.0,0.0,0.0,15.3,41.96,22.98,39.5,72.23,140.2,95.08,160,1403-04-10
